area	bedrooms	bathrooms	floor	age	distance_to_metro	school_proximity	price
1398.685661	5	2	18	16	14.07	7.9	114.6708195
1144.69428	4	1	3	3	6.14	0.37	126.2058733
1459.075415	3	3	6	11	8.57	0.66	147.0826419
1809.211943	2	1	3	12	11.88	0.76	164.7298799
1106.33865	2	3	24	3	10.49	7.34	99.69918747
1106.345217	2	3	10	20	14.93	5.06	92.26303141
1831.685126	5	3	11	0	0.3	3.75	208.8283982
1506.973892	1	4	13	0	5.39	1.15	166.1227964
1012.210246	5	2	12	6	4.29	7.35	123.7525265
1417.024017	4	1	28	8	4.01	3.28	136.4263386
1014.632923	1	2	9	0	3.42	2.73	100.9551856
1013.708099	4	3	17	15	10.67	6.56	97.76269367
1296.784909	1	3	15	17	1.36	5.63	125.163105
434.6879021	5	2	4	21	11.15	3.69	45.74646455
510.032867	2	2	7	14	10.43	6.45	50.33996117
975.0849883	3	1	13	5	3.84	2.79	104.9305823
794.8675519	2	3	4	1	3.87	7.97	89.90690941
1325.698933	5	2	25	8	9.47	2.37	124.5719617
836.7903698	1	4	27	3	11.46	1.67	84.82726358
635.0785195	2	3	23	12	13.16	7.85	74.42725902
1786.259508	5	3	7	22	12.8	7.11	155.283235
1109.68948	4	1	24	21	14.48	1.91	99.96853585
1227.011282	3	4	25	10	8.76	1.25	105.2285651
630.1007255	2	1	5	12	13.64	8.4	51.84900221
982.2469102	1	4	15	10	12.15	7.79	86.93344588
1244.369036	4	1	27	18	13.43	3.34	110.9262636
739.602569	5	4	3	7	0.27	6.62	109.3518508
1350.279207	3	4	11	6	14.49	1.33	125.7799692
959.744524	1	4	10	24	7.16	5.12	95.85557729
1083.3225	5	2	2	15	11.99	0.29	101.7144895
959.3173551	5	3	11	2	2	3.98	133.5942237
1940.911274	2	4	29	16	6	0.84	178.5274527
1194.60111	2	2	4	17	4.14	4.8	108.5436847
776.9156284	1	2	5	27	4.45	4.27	51.57924421
1529.017965	5	1	18	26	1.94	4.5	135.2964475
711.66254	2	3	17	14	12.11	0.55	72.46939795
1283.545438	3	3	15	27	0.24	3.68	117.7835541
416.1319504	3	1	22	16	4.76	7.59	56.4570835
668.7255804	5	3	10	10	2.7	3.75	94.13240395
1278.744494	2	1	4	4	8.88	7.18	97.64941619
1495.386632	1	2	8	15	3.89	3.76	138.0657966
1268.547312	1	2	2	14	3.96	4.29	110.6756741
1153.740687	1	4	29	9	7.38	5.68	105.9416553
1079.558522	3	1	7	13	9.83	9.51	103.9065378
608.5912039	2	2	5	1	1.91	1.18	62.00829858
912.0623166	2	2	3	15	2.72	0.43	81.61064094
1015.744492	3	1	11	18	3.78	6.12	99.08335464
1622.84889	1	2	11	7	14.61	9.5	110.2082182
1337.447316	1	3	24	14	6.02	9.9	107.7803085
494.7839379	5	2	20	9	9.02	4.89	76.13131303
1329.633588	4	1	15	29	3.7	4.73	120.5593959
1045.967088	2	3	9	4	7.41	6.49	87.84906596
929.2311999	2	3	21	19	1.2	5.6	94.8094723
1444.670516	2	2	13	15	0.62	6.38	129.1768051
1612.399809	4	4	12	20	7.08	8.75	143.4730757
1572.512048	5	3	8	25	6.04	7.49	184.6255446
864.3129907	4	1	6	21	2.14	5.02	95.8093181
1076.31505	1	4	11	11	10.35	4.67	93.61458352
1332.505373	1	4	4	22	14.89	6.43	113.5714849
1590.218051	2	3	17	29	6	4.61	132.9195767
1008.330305	3	2	3	12	9.41	4.63	90.4890667
1125.736409	2	4	1	8	14.45	0.26	108.5053728
757.4660104	3	2	2	16	12.49	1.82	77.24018163
721.5173504	4	3	25	19	7.01	4.94	89.11483404
1525.010329	1	1	11	27	11.09	8.24	125.8374821
1742.496011	3	4	2	11	2.01	2.86	183.0747361
1171.195951	4	1	3	24	7.73	5.27	114.7693772
1601.413159	1	2	5	4	4.26	3.52	153.7777273
1344.65441	3	2	11	23	2.5	1.14	140.0073529
941.9520982	2	1	18	11	6.45	9.59	89.54242774
1344.558242	2	3	9	0	2.05	8.56	116.402653
1815.214627	2	3	29	19	10.51	0.88	161.3776182
1185.669584	4	4	0	27	6.9	7.23	128.059338
1825.857462	2	4	16	15	8.01	3.54	155.0964053
300	5	3	15	29	2.28	9.95	43.8834484
1528.761002	1	3	8	11	2.18	3.09	140.1118507
1234.818827	4	1	24	8	8.79	2.46	122.1705468
1080.39706	2	2	20	12	14.78	5.72	83.56875204
1236.704311	1	2	8	16	1.53	8.37	108.976966
404.9724342	3	4	26	16	4.36	2.01	64.69031763
1112.131245	2	3	22	3	13.05	7.12	80.01175691
1342.845029	1	1	8	13	1.18	0.71	122.6913708
1791.157618	5	4	11	18	13.15	9.2	159.3268349
992.6919127	3	1	22	6	7.91	0.9	82.13455734
876.6025588	5	3	8	26	6.18	9.15	97.03420159
999.2971826	1	3	14	2	4.71	4.96	101.4366911
1566.160847	5	3	1	0	4.53	4.54	166.8741603
1331.500444	1	2	10	11	4.66	9.74	119.7408885
988.0959185	1	3	10	14	13.28	9.9	80.40417272
1405.306973	5	4	7	10	10.88	6.54	133.7575745
1238.83102	1	2	22	9	10.08	1.36	114.6523097
1587.457996	2	1	5	1	12	5.11	144.9510148
919.1787624	1	4	20	25	3.93	5.34	73.18822686
1068.935141	4	4	19	28	9.31	5.19	111.9959571
1043.156739	1	1	6	3	6.95	5.74	89.18514032
614.5940207	4	2	2	16	11.76	0.29	73.9517321
1318.448111	1	4	7	16	4.71	7.14	119.6313676
1304.422109	1	4	17	27	9.68	7.15	103.7975282
1202.045383	5	4	16	29	13.24	1.24	122.175732
1106.165147	2	2	10	7	6.09	5.75	100.7538684
633.8517032	2	2	1	22	1.09	5.73	75.61906384
1031.741871	3	2	24	13	7.79	6.86	109.6506613
1062.914193	5	4	20	23	5.25	0.95	113.0023969
879.0890923	5	3	26	28	10.12	6.3	86.47084769
1135.485715	2	1	23	3	14.27	2.88	94.16941082
1361.620343	5	3	18	5	7.34	5.12	146.27818
1954.47436	2	2	6	28	7.05	7.76	171.790511
1269.831125	5	4	17	18	9.85	7.09	110.4188003
1303.020156	1	4	7	26	1.64	1.28	106.0665834
1170.221634	2	3	13	28	3.88	5.95	103.3664739
432.4915139	2	3	6	23	13.79	9.69	34.65862406
1189.39445	4	1	27	3	10.08	1.65	108.8226246
1224.092084	5	4	20	2	0.3	8.54	143.5427689
2185.296845	5	3	27	19	3.15	7.06	197.4861809
1123.055614	2	1	26	5	10.27	7.76	92.34467483
1320.618937	1	2	3	26	11.49	2.89	115.2458072
1186.115292	1	3	16	22	12.61	2.95	91.96589224
732.528785	1	2	4	6	4.45	9.07	65.3990546
1657.129126	5	1	11	13	13.97	3.66	150.6959488
1500.773213	4	2	8	11	8.34	0.72	155.9007641
1516.412779	2	4	25	15	10.48	6.05	132.9667991
836.2450181	3	4	19	19	8.99	1.34	81.95719088
1761.117724	4	2	12	7	1.93	7.99	175.4726718
639.2595749	3	4	24	22	14.45	6.45	67.76812264
1434.742838	4	1	27	1	1.93	8.76	154.4020416
2076.18225	1	4	17	12	3.9	7.87	180.7619535
803.7854699	5	2	19	7	12.22	1.21	95.92258916
973.4809082	3	2	8	24	9.32	3.87	95.50238875
1239.860546	4	2	3	20	12.59	7.77	110.6834728
998.6097384	5	3	20	19	7.78	4.23	119.8631924
579.7346276	3	2	26	15	5.72	9.73	66.74461181
1227.42519	2	1	7	3	13.84	7.38	121.0106727
775.0785145	4	4	0	28	0.64	0.25	103.2153864
1389.436972	2	4	16	15	12.86	8.81	98.90786181
832.2303063	1	3	24	19	3.54	1.1	76.96670313
1819.973762	2	3	8	5	12.75	1.49	144.4274495
886.6986831	2	1	19	26	2.17	7.37	71.0476883
1071.175394	4	2	12	3	8.75	8.66	104.0524102
1525.406887	1	3	1	15	13.33	5.41	131.8958112
707.6542734	2	4	12	22	7.16	2.96	67.25578332
1290.983974	5	3	8	22	11.22	3.58	138.8928005
1722.857102	3	3	29	20	12.09	3.49	142.8432564
557.0067062	2	2	19	12	11.07	3.33	50.72775447
1273.853543	1	3	5	4	13.89	2.5	97.84318147
1303.953118	2	1	27	14	6.76	6.13	126.7457302
1512.729149	3	4	0	25	2.68	9.01	155.8776989
705.2197156	1	2	27	7	0.81	3.14	74.1123285
671.8173548	4	4	24	6	3.77	1.95	76.85473059
1408.776626	1	1	4	13	2.23	8.4	117.7242587
1318.793869	4	1	2	6	8.41	7.44	126.7810572
1300.19714	1	3	3	21	2.86	9.32	105.2791474
1338.579284	3	3	0	6	0.68	1.74	164.386863
927.9901114	3	3	13	22	0.64	1.53	118.5006236
1292.901479	1	4	8	25	12.49	5.46	86.08790591
1317.228989	2	1	29	29	8.91	6.18	91.70428221
914.2594328	3	2	23	17	5.44	4.85	94.81998308
1946.309804	4	3	3	29	13.42	6.03	153.5580008
1389.533168	4	4	17	9	1.15	1.89	152.5997051
723.4786011	5	3	13	17	14.71	4.85	76.95333136
1462.621443	4	1	24	13	9.28	6.62	131.6820372
810.1273319	5	2	3	9	2.83	4.38	109.5981864
1514.833841	1	1	24	6	10.22	6.83	141.5329011
1663.438232	1	4	9	29	11.47	4.57	137.1158338
871.7270727	1	3	2	25	6.5	3.4	63.59737286
1585.350452	2	1	22	6	12.94	3.11	135.2508924
1365.112371	2	4	6	6	2.35	4.17	131.2114791
1528.824064	5	3	9	4	4.25	0.33	183.8646598
1958.717193	4	2	12	0	1.49	6.72	197.4649906
1101.844754	4	1	3	13	3.24	8.47	113.0087747
898.5055343	1	3	17	17	3.66	3.61	91.59650188
844.1942281	3	3	10	12	13.77	0.56	83.17990518
873.675886	2	3	24	24	1.26	9.87	95.0066218
1169.159316	2	3	3	7	6.47	2.71	108.3918553
1336.46079	1	1	23	7	8.03	1.35	125.3012393
1310.67632	2	3	13	9	13.49	3.76	131.0781329
1530.8733	1	4	17	16	14.97	7.41	114.4383778
1205.200757	5	1	7	5	11.33	3.01	124.2886285
1781.413631	4	3	26	14	14.56	5.79	161.5746281
1094.137267	3	1	9	14	11.83	4.21	85.22183382
2288.067667	4	4	4	24	14.45	1.27	185.9995985
1450.266939	4	4	22	15	10.64	3.37	130.8973764
857.1369774	5	1	6	7	1.29	7.28	100.1782066
771.6430008	2	3	11	18	6.09	6.16	78.68410933
1392.988966	3	3	24	19	9.73	1.29	124.534905
1110.614886	2	4	2	14	5.33	1.72	130.3836109
1485.600198	4	3	25	2	4.17	6.44	161.9537755
1389.29505	1	4	3	5	8.7	8.15	128.2103957
1170.868435	4	3	9	29	14.01	3.56	99.20500141
861.2825128	2	4	3	24	0.62	5.99	89.0649171
594.0611101	4	2	14	7	11.56	1.79	80.73643531
1021.394019	1	3	28	15	10.87	3.18	96.82365959
1542.559518	5	3	9	14	14.46	0.3	156.9047449
1285.637498	2	3	20	12	13.97	7.71	104.882342
701.7044885	4	1	29	25	11.46	4.07	59.39941746
1269.27237	2	3	21	19	7.85	8.18	95.80403996
1354.126952	5	1	15	14	3.14	7.11	140.1596071
846.4570255	4	1	14	17	8.22	8.3	65.52732409
1261.490042	4	4	18	12	11.5	2.93	125.6200997
1223.283487	2	1	28	23	13.45	1.93	92.47604844
742.8118809	2	1	19	7	11.87	9.72	64.12959909
1343.114944	1	2	18	13	3.01	7.2	129.23273
1424.313811	5	3	17	27	9.04	8.36	145.4456109
1633.220497	1	1	25	10	5.05	0.23	149.437497
1621.520821	4	3	11	5	0.24	3.61	160.4031316
648.9322528	2	1	24	29	3.08	7.45	55.53524205
824.869984	4	4	15	23	1.79	0.87	89.9079578
1406.014107	4	2	0	24	12.66	5.72	115.1710074
1405.51438	3	1	15	28	3.95	4.35	128.0453327
1406.019075	3	3	1	0	4.34	0.27	136.3154302
2741.092596	4	4	23	24	14.4	2.44	230.5113426
1428.356204	2	3	14	1	5.75	2.92	127.8346393
1654.226256	4	4	6	29	0.24	1.21	170.1650727
1581.600705	3	2	27	12	4.33	6.35	142.6465662
1460.556501	2	4	0	0	1.88	2.5	127.4250305
1073.892302	4	3	4	23	1.63	2.85	130.5117941
1503.587688	5	3	9	23	1.25	8.99	159.2287863
890.8699142	5	1	21	26	8.94	4.72	66.61254414
1105.272557	4	4	20	3	2.92	3.98	134.5821174
1005.854581	2	3	3	23	5.48	7.27	105.8033362
1232.749656	4	1	13	22	12.94	9.11	100.939373
2125.863427	4	2	12	28	6.42	0.35	190.5753854
453.093923	3	3	0	1	13.74	4.54	51.44035275
1474.504076	5	1	15	20	7.52	6.15	142.2137185
554.9136515	3	3	22	29	6.04	3.25	69.37682973
1011.227254	3	4	8	25	11.28	7.75	78.75124867
1635.580239	4	1	21	19	1.19	9.72	143.080797
1225.712008	3	4	15	15	1.43	9.44	124.3054314
768.9020888	5	2	18	2	9.81	2.73	95.65835236
913.8785163	3	4	14	16	7.36	2.34	100.4808443
1471.8391	5	1	25	4	11.88	9.58	134.9019257
907.8533473	3	3	13	25	13.75	4.64	70.09567506
1286.583436	5	1	19	7	5.89	2.16	143.4832956
1218.228736	3	4	9	11	8.99	7.1	105.2738203
939.359861	3	4	20	24	7.56	2.92	88.81802514
2057.577636	2	3	11	22	14.73	2.75	167.9083401
1453.567609	5	2	27	11	12.48	8.8	139.6207987
389.9429653	5	1	0	26	13.68	1.71	40.49273202
1274.581726	5	3	20	0	3.89	0.74	153.2372937
935.2854141	1	3	16	0	11.61	2.76	100.1907201
1540.973334	3	3	8	14	4.06	6.11	139.289603
882.9917046	5	1	22	16	3.21	1.32	104.6470534
1154.105423	1	1	18	1	14.17	4.77	96.47013818
1401.994912	2	1	24	16	0.39	6.31	123.2335707
1546.302078	5	2	17	19	14.48	8.5	116.9659594
719.8814372	5	3	27	25	2.32	2.38	92.94440591
1066.199506	1	4	6	8	12.31	8.19	96.61260713
1010.021876	3	4	8	11	4.21	2.43	121.1785635
938.668307	2	3	21	3	5.33	6.8	92.40706839
1906.181696	5	4	25	12	3.33	4.36	184.3398829
1361.992684	3	2	20	3	8.82	1.24	122.7377656
695.6464183	2	2	11	6	5.29	7.17	41.58564188
1567.144779	4	1	6	13	9.9	2.26	139.1364118
2048.862479	4	1	13	26	0.33	1.85	214.6979732
1612.986104	2	1	14	8	1.06	3.65	161.5563003
592.2520136	1	1	14	22	1.58	6.57	42.30631381
1006.306371	2	1	5	0	6.34	2.42	93.81365583
1706.76446	2	4	20	0	12.24	1.92	152.106864
916.9322138	1	4	13	19	13.33	0.2	93.68389955
1377.527771	1	1	1	3	3.75	4.77	145.6315651
1509.853621	3	2	7	0	8.66	4.34	143.8222506
829.2278114	3	4	12	21	11.55	2.42	84.67891836
1176.189858	1	2	22	9	4.4	0.63	115.0151149
300	4	2	5	1	6.19	4.35	53.43344866
790.2449435	4	3	4	26	7.91	7.9	81.2274379
1098.972739	2	3	4	20	2.11	7.18	104.1235522
700.8867272	5	1	24	23	0.49	8.62	84.86663795
1852.964522	2	2	0	14	2.38	0.19	149.2118004
627.9434488	2	4	8	2	9.44	9.67	62.37667135
1023.982205	5	3	5	24	1.2	3.48	102.8606347
1252.296231	1	3	19	22	2.93	9.9	113.6486464
1776.509316	4	2	25	8	5.13	2.6	163.0286724
625.6551395	2	3	29	16	1.26	4.77	55.07546197
1665.265501	5	3	6	20	2.96	3.6	147.9053508
1204.093224	3	4	8	27	13.68	3.62	110.0092243
807.3965396	2	2	4	12	0.39	8.44	73.08415757
1384.84139	4	3	13	2	9.84	7.49	134.6055062
1279.623878	1	2	4	3	5.83	9.92	127.7667107
959.9132491	2	3	7	3	10.12	6.17	95.96488306
1227.920834	2	4	6	10	8.87	4.69	110.7364162
1045.874561	5	2	12	27	3.43	0.99	99.51034494
1245.406938	3	3	12	6	12.72	9.97	116.7422698
1464.85227	3	4	7	25	7.43	5.56	132.0331545
1834.406726	1	3	10	10	12.36	7.03	156.0823912
704.8738005	4	2	27	23	6.15	4.13	51.36969144
2053.21335	1	3	25	10	14.77	5.52	177.4916071
419.1648802	2	2	17	9	11.58	9.43	21.46511428
1139.285962	2	2	24	4	14.49	1.75	96.51327191
1435.326883	3	3	18	12	7.76	2.99	150.022001
1312.396747	4	4	5	28	7.16	1.61	105.7756873
950.9201921	5	1	21	11	11.36	7.94	92.72157735
1116.7511	4	4	1	9	13.22	0.71	112.6604582
1002.799626	2	4	27	6	14.47	0.91	95.84436634
964.2540972	5	3	12	18	4.94	3.06	112.3263337
1539.840839	4	4	22	18	12	5.19	142.7860375
1342.806194	4	4	24	18	3.24	4.12	124.8404556
922.8361619	5	1	27	11	8.23	0.54	101.9919505
1559.83995	2	4	25	19	2.78	9.58	141.1041298
1322.919808	4	1	10	21	5.28	9.53	118.7714459
1525.144848	5	3	0	14	13.98	2.87	165.7996397
1451.851537	2	1	23	4	2.28	7.34	146.9143855
868.4019956	5	2	1	23	9.52	5.83	106.1557272
975.9275839	5	2	29	29	8.94	2.45	100.327151
1498.917442	4	1	16	13	1.9	2.7	164.8267867
1444.148106	2	2	7	11	4.96	4.96	122.5518381
1191.639362	4	3	1	28	8.49	4.25	108.1507835
1246.930953	1	2	5	20	2.89	2.98	104.1010236
1711.065958	1	1	21	10	12.03	8.09	129.0182951
963.3714445	2	3	4	27	14.59	4.87	76.57872974
1418.838952	5	2	15	4	3.3	6.58	150.3227722
1119.122939	4	3	7	15	2.88	1.97	125.3077473
1112.927519	4	1	18	29	6.88	5.38	117.4207521
1639.510741	2	2	15	25	11.24	3.25	118.3265461
1530.16654	2	3	12	17	4.3	5.31	126.4528515
1525.403854	1	3	25	11	0.4	7.83	114.3691527
1722.191523	3	2	19	26	8.16	7.71	136.3955565
1208.401537	2	3	6	26	14.35	3.61	93.12244872
1472.781189	3	3	15	4	5.93	6.97	135.1462707
1075.893297	2	1	22	15	6.36	9.42	80.01398172
1329.666541	5	1	15	11	14.54	6.29	122.284061
1147.942778	5	1	28	22	10.45	1.57	106.172559
1238.798386	1	1	11	1	10.82	6.83	94.30852251
1438.06281	1	1	13	29	8.48	1.14	113.9675824
872.7117267	3	1	23	28	14.62	8.73	58.55698006
2036.95491	2	2	17	5	10.36	5.21	186.4216737
797.5930474	4	1	26	22	13.44	3.91	69.91516925
714.3245549	1	3	27	20	10.52	0.66	59.49432024
1663.244349	4	2	17	24	11.05	3.87	148.3189709
1516.665078	4	3	15	29	4.43	9.04	118.227144
1449.647927	2	1	19	3	4.62	0.31	148.8153636
1451.338204	3	1	15	29	11.77	4.8	124.4920535
1195.101291	2	3	12	29	4.52	9.32	94.29741936
841.0982514	1	3	25	12	8.49	4.01	65.58529501
1230.321823	4	3	28	9	3.82	4.34	119.7697885
929.1353154	2	4	8	16	12.27	5.83	69.84336121
1590.047893	2	4	25	13	1.75	4.68	134.892472
1141.177047	2	4	27	23	12.46	1.77	86.00208399
869.8011213	1	4	8	14	9.08	0.28	56.99296862
1071.445663	3	2	12	7	2.88	6.14	106.2115517
1365.172582	2	1	28	22	8.18	9.22	107.6562412
974.5101789	1	3	3	23	4.31	1.15	102.1795782
871.1118418	4	1	8	17	4.92	2.19	101.4037908
1297.474885	5	3	14	2	5.34	3.77	135.034048
1297.986628	1	1	13	24	1.04	8.11	104.6263742
997.2227299	5	2	18	16	14.79	2.77	108.8447407
1011.584678	2	4	11	23	0.57	8.83	94.19374888
1292.819975	2	1	20	23	9.97	0.64	109.1554761
620.7662634	1	3	25	6	5.63	9.42	55.30985944
637.0144902	5	1	24	12	9.73	5.65	72.15753977
912.6223115	2	2	5	29	5.41	6.62	78.55868312
1114.621139	4	2	2	26	10.14	3.74	98.52047388
1324.363026	3	1	25	15	10.97	7.84	122.67214
1790.142487	3	4	24	4	10.39	1.75	160.7003218
1543.063849	2	3	21	3	1.8	0.58	154.4745058
1136.024588	5	2	19	25	9.89	4.02	127.1329672
1192.393517	2	2	15	9	4.27	8.55	113.0404675
798.9882541	5	1	29	12	0.53	7.57	86.26184725
1192.594746	4	2	19	9	6.28	5.22	123.6707376
1084.536544	5	2	23	13	6.56	5.76	138.1031933
1329.087424	2	3	22	25	7.06	1.39	118.6352662
869.1076226	4	4	16	21	10.6	8.42	94.50881728
1407.738606	1	3	15	11	4.7	7.89	124.2189133
1813.095565	3	4	5	26	4.8	6.6	165.7621562
1156.495941	2	3	7	0	1	4.72	120.7611231
1360.684689	2	1	18	28	10.33	9.65	92.55832973
1476.057597	2	2	29	20	8.56	8.8	125.5121864
1039.511811	4	4	24	29	5.31	6.48	91.87480029
1289.636993	1	1	25	19	10.61	3.78	97.790558
1205.03696	5	2	1	19	8.11	6.22	137.3119462
1239.070439	1	2	13	6	7.09	5.8	108.2579786
890.7960865	4	2	21	8	7.72	4	86.56726987
1209.80407	2	3	11	7	9.58	3.14	115.6851816
1399.199316	3	1	16	26	9.93	4.13	111.1801252
1780.457443	2	1	27	12	4.41	5.78	155.606709
1583.70833	5	2	26	13	2.2	4.34	148.3191867
2061.272983	3	4	14	11	2.43	2.71	204.1145888
893.0609748	2	1	17	7	9.63	7.63	79.53127143
1548.928255	3	3	15	20	13.11	5.36	122.8752729
1273.336802	1	4	12	21	6.2	0.77	118.9081734
2075.921173	4	4	20	17	2.63	3.75	217.7694689
876.6806859	2	4	16	15	11.37	8.86	70.94371401
864.1112631	5	4	7	28	12.5	7.58	93.64118678
960.2429418	1	1	0	10	13.22	3.3	80.49478195
350.4417103	2	2	28	15	9.14	9.39	37.08832425
989.6979913	1	4	24	13	12.92	0.86	97.48642954
896.3469354	5	3	25	2	0.33	9.62	108.845743
1260.157515	2	3	26	20	1.7	2.53	122.2719528
1336.70239	5	2	2	1	1.48	0.19	151.4907814
1950.468336	3	1	15	2	10.72	4.39	163.104151
1580.169535	5	2	27	3	1.14	3.65	171.2135378
969.2385377	3	4	1	21	7.5	5.44	92.06266481
840.6341315	2	1	14	4	7.14	7.99	96.59291462
1396.767669	3	1	0	9	4.73	8.44	122.7348177
671.9067172	2	4	8	19	13.07	4.07	49.10945661
1932.583506	2	3	15	28	2.64	4.36	179.1548428
1671.776048	4	4	3	1	5.35	1.57	165.1236233
1012.329739	2	2	11	11	11.64	0.57	79.92945957
514.7461884	3	4	0	26	0.55	6.45	68.23497465
1741.54895	4	3	0	4	10.13	0.74	181.9008596
1154.184062	4	4	6	4	12.26	7.36	124.1082026
1695.126525	2	2	17	26	13.99	5.44	126.7526531
562.2289365	5	2	22	22	13.16	2.07	63.81590413
960.2499908	5	3	27	0	4.86	5.44	112.7622829
1202.09748	4	2	22	3	8.84	1.91	140.1403475
1218.792238	2	2	14	26	1.25	4.44	106.0783167
1019.973811	5	4	25	20	3.94	8.02	113.4438855
1449.139973	2	1	29	23	1.5	4.67	128.5876805
772.9518282	2	2	24	11	4.8	1.57	68.71797569
1143.048206	4	2	12	11	13.14	7.27	103.4306848
1248.118253	4	3	15	15	5.27	1.95	126.699443
1405.775534	1	3	6	23	8.47	7.41	127.6384189
1484.645951	5	4	15	16	6.56	4.85	152.9710766
750.1431633	5	4	12	20	6.94	4.59	86.22822858
586.3543317	5	2	13	9	14.55	8.53	62.6731609
1711.070729	3	1	16	16	4.51	7.12	150.108065
1332.925605	2	1	11	16	9.45	0.43	114.5609109
900.6053854	4	4	28	17	6.36	3.03	109.7667285
1820.46079	5	3	23	1	1.01	8.72	195.7359245
1246.269854	1	2	23	24	7.39	0.28	94.70256071
1671.718874	5	2	19	3	12.22	5.5	169.8531066
1227.007393	2	1	12	18	1.57	7.31	116.942066
2024.29917	2	4	23	10	1.14	6.26	187.0406828
1902.136337	4	1	19	16	2.39	7.63	158.4592652
1100.414341	3	1	14	11	11.49	7.28	98.04757207
1588.62838	4	4	23	1	10.89	6.95	151.4228456
1458.15038	5	3	20	5	8.52	8.23	151.8928534
1747.452623	1	2	3	8	7.08	6.49	154.5742438
814.0306158	4	3	21	4	13.34	4.08	101.0412055
1474.420584	3	4	1	19	11.52	4.77	122.2017697
1623.369795	4	4	27	28	12.2	7.2	163.853256
496.5042054	2	2	17	20	12.22	8.78	47.9852097
726.6965949	5	3	1	8	9.68	2.79	96.43023605
384.3071289	5	2	24	27	6.92	3.49	71.31265844
1092.237266	5	1	14	28	12.98	9.31	96.53335762
1487.016902	5	1	29	22	13.9	5.83	139.953824
1800.942821	5	1	25	7	0.45	1.87	183.2371397
1229.637912	5	3	18	19	0.87	6.67	139.899222
1851.446218	1	1	14	26	14.39	9.91	144.5357669
647.9594167	3	2	25	7	4.23	8.25	83.25003398
518.6470243	5	3	19	21	13.11	7.48	43.15590903
1177.78092	3	2	9	20	5.89	2.16	107.2882973
1353.62618	5	4	27	28	1.87	8.77	148.7481161
1186.922101	4	3	23	27	1.3	5.31	124.6271303
373.02316	5	2	19	22	2.43	8.9	54.3115624
1164.351984	2	2	10	5	3.82	3.37	119.4446597
678.2121998	1	3	25	2	7.38	0.71	61.79602828
1467.86902	4	4	9	4	10.55	4.81	153.7863068
1346.639298	4	3	28	8	14.8	2.77	131.4697344
824.0480855	2	1	22	6	6.68	7.18	78.0163466
994.4532331	5	1	4	27	7.82	9.58	90.21914022
776.3145912	1	4	8	3	7.88	6.94	79.90774783
1174.928361	4	2	19	6	8.14	8.88	112.3795375
1582.056928	1	2	18	4	7.81	4.58	134.2897318
805.7095815	4	2	12	10	0.23	7.74	111.8774315
1401.618606	5	3	17	28	0.13	8.45	124.3482121
987.8969527	4	3	16	14	1.56	7.14	92.78806825
882.8508671	4	4	26	1	1.61	5.13	118.9072509
1157.187856	3	1	5	12	10.6	6.3	89.61767242
785.903071	5	2	9	21	3.15	7.04	68.92494149
978.5402779	2	1	1	15	13.43	2.61	90.72189211
720.848843	2	3	23	6	13.94	8.11	78.0526014
1985.890053	5	3	5	7	14.64	9.51	166.1148465
1214.105421	2	3	27	5	14.09	4.71	89.99915143
920.1097968	5	1	27	23	4.15	7.04	82.30902141
1285.591964	2	4	20	6	7.7	7.4	114.688263
1155.06878	3	4	12	17	2.71	6.66	136.4646309
5558.060801	2	3	17	29	12.11	5.52	85.18350195
1445.66668	4	2	6	21	13.34	8.83	131.3999114
1503.003084	5	1	1	24	12.78	4.54	139.4899193
987.799541	1	3	28	27	6.56	0.7	99.3161751
969.6727037	1	1	13	21	11.4	8.46	63.36600877
1089.979321	5	1	4	19	1.55	6.77	113.3204044
300	3	4	17	6	0.7	8.51	53.16000779
593.9235751	2	3	10	2	11.32	1.47	71.1338425
1746.749707	3	4	9	4	6.44	0.4	183.8508161
1857.987085	1	3	10	0	14.93	9.35	174.0271289
1100.385584	5	1	26	14	1.55	1.56	117.0165603
1430.622785	5	4	1	25	12.85	8.12	133.4476296
1324.500062	3	1	14	2	7.25	8.25	131.3271849
2431.552323	3	3	6	7	12.42	7.12	215.5418709
1647.829965	2	2	8	24	12.28	1.4	152.1212791
1148.832963	4	4	4	8	13.75	6.71	111.9600268
817.7838238	4	4	6	14	4.54	8.9	88.88032681
557.4214719	2	1	19	9	14.25	4.31	61.30867853
1281.385454	4	1	1	1	2.36	4.19	136.8573406
897.4597019	1	2	2	19	1.32	4.48	88.53118159
631.0985162	4	4	1	4	6.53	0.91	86.19705376
941.3708463	2	3	20	18	12.44	8.93	87.50864249
767.3807986	4	3	21	12	7.15	8.7	75.19969466
1874.856654	5	4	22	10	12.46	9.98	169.4697932
1552.655903	3	4	18	0	10.97	5.89	121.8541005
1196.810943	1	4	3	21	3.22	7.54	101.0731587
1791.977656	5	2	23	29	14.24	2.11	165.3980087
1230.947323	5	3	19	14	1.01	6.71	134.3599492
855.4863195	2	3	6	25	13.48	6.53	59.29972165
1809.249631	3	1	27	17	4.64	9.02	170.7506176
1415.564017	3	1	21	15	7.55	8.32	124.4142272
785.1015383	1	4	6	8	6.39	9.39	92.5656293
1123.864529	2	1	16	0	2.66	8.7	116.3240402
849.7526986	1	2	18	10	5.44	8.7	77.37423678
646.8801076	4	3	21	8	2.97	0.73	105.9524582
1570.471019	5	3	15	22	3.14	8.48	149.3390659
1963.766656	1	1	2	10	2.89	6.11	155.7964286
640.5729705	5	4	14	12	7.39	3.87	101.2753463
1425.187695	2	1	13	25	11.99	0.66	120.6443186
939.7429724	4	4	14	1	8.58	6.81	119.8734613
1005.149846	2	2	13	13	13.41	3.35	94.95363204
963.0424303	4	3	6	5	9.58	4.73	119.6981571
854.4036921	4	2	24	7	10.37	6.85	82.81308369
1219.408651	5	3	2	17	10.05	9.13	116.8023455
867.6199534	2	2	29	15	6.8	8.27	76.14189437
1308.18273	2	1	16	20	10.37	4.56	104.7057735
1179.904756	1	2	9	28	1.14	3.94	86.20191477
1104.420781	2	2	14	11	12.91	2.47	98.02003572
836.9745352	1	1	28	10	11.69	3.79	75.80871725
969.2914678	3	3	5	5	3.75	1.2	101.7781367
1502.15649	3	3	27	2	11.54	9.71	127.4198323
1400.366875	3	1	16	13	0.29	5.78	132.1978704
808.9779021	2	2	16	27	3.34	1.37	84.95968089
1239.732922	2	2	13	1	1.07	3.59	114.7657295
1500.554849	1	2	23	10	11.73	5.52	145.9051658
532.2378876	4	4	24	21	11.36	5.38	48.15157159
1417.344077	1	3	17	2	12.22	0.45	120.6564516
934.9504964	3	2	24	17	0.17	9.51	105.8248427
1428.239467	1	3	4	0	7.57	2.83	141.5864759
894.6963374	4	2	28	29	10.6	0.26	93.94758214
478.0471597	2	1	7	23	2.42	0.86	44.29741718
548.9830248	1	1	6	0	9.78	5.84	45.55403785
1219.233979	3	3	22	11	1.35	1.46	119.6865226
1303.889001	3	3	3	14	2.8	0.51	129.3411899
838.27335	2	1	17	4	7.19	3.86	85.17333115
1455.436984	1	4	4	26	9.84	6.27	109.99823
535.3919751	4	1	15	5	2.27	1.21	57.15747953
1173.568081	2	2	13	15	2.86	3.2	123.0856425
715.5935201	1	4	26	26	3.15	4.24	67.27381967
939.2655569	5	1	26	11	3.66	1.68	114.386114
1218.959469	3	4	18	11	3.48	5.11	122.6613226
855.8346539	4	4	13	2	5.99	0.94	111.9547308
1046.177782	4	4	8	29	9.84	0.56	127.2001132
1602.517124	4	3	5	22	6.63	5.25	137.6125052
969.2432522	3	1	16	1	11.66	2.55	86.22822987
1534.276845	1	3	18	6	10.82	1.04	125.9187632
748.1172581	2	3	11	1	1.99	4.3	108.5631734
1411.921671	1	2	3	20	0.83	9.16	120.4489746
1776.627448	2	2	15	6	13.18	7.27	157.3729715
300	4	4	24	10	1.29	8.17	31.47774562
881.2418978	1	4	10	10	2.31	8.73	91.4879399
1430.828851	4	2	21	13	0.43	9.73	137.0582066
1118.781846	5	2	3	2	9.46	7.66	130.9086455
1348.458349	4	1	16	13	8.78	6.12	130.5322765
958.4059253	4	4	7	10	14.8	3.72	93.73936066
1234.635915	2	4	13	3	13.32	1.9	132.5650656
1137.729106	5	2	26	16	6.22	6.9	132.750613
1667.112825	4	1	1	15	5.64	9.95	164.1979145
1301.768337	4	2	10	2	4.52	4.73	142.5583963
1335.041065	5	2	10	24	2.37	7.26	129.378452
1035.249214	5	3	23	9	2.16	5	123.048699
1004.95751	1	4	21	20	2.07	4.38	92.24144827
1026.976725	2	1	23	14	1.8	4.16	99.88318693
1357.780857	5	3	5	7	3.68	5.1	139.6801715
1031.606208	5	4	20	17	4.67	3.73	115.7436983
1315.909943	3	2	20	2	14.43	7.51	138.384283
2030.160319	5	1	13	6	8.72	8.76	188.05023
1548.449881	2	4	29	29	14.82	8.84	117.2212632
1069.590587	4	2	9	9	5.65	2.35	102.4047297
1680.485569	4	3	25	19	6.92	8.97	152.4607784
1036.769851	4	1	26	8	4.94	3.48	115.6831778
384.7501859	4	4	7	13	2.83	3.16	66.7230681
796.7654756	3	3	6	22	2.23	7.29	82.69361145
451.6832316	5	2	7	13	14.18	3.12	60.37831899
1059.394606	4	2	27	10	14.8	0.62	106.438464
1207.367352	1	4	7	27	0.77	3.8	118.178223
1870.574925	4	2	22	0	2.34	7.24	189.3652564
1330.77095	5	1	1	3	6.41	3.34	136.7119734
1112.359788	4	4	26	25	2.88	6.33	113.5828406
1531.762232	3	3	15	26	5.52	6.64	136.6131849
315.5458764	2	4	8	5	2.02	7.36	57.03437488
1294.245823	2	4	12	21	6.9	8.98	125.7872201
1508.346078	5	3	22	25	4.15	4.38	145.3149517
608.5655017	2	2	11	21	5.34	1.75	59.73996061
1657.501617	2	3	26	4	1.51	3.26	152.0455821
1335.398563	1	1	21	2	6.48	4.38	102.5993399
1033.884834	5	2	24	1	14.75	7.17	92.39645205
1453.112746	5	4	28	2	5	0.23	151.0278297
2108.277143	2	2	16	8	13.16	3.23	170.6284869
1272.746502	2	2	26	18	12.66	7.82	106.9705426
1299.288235	2	1	1	18	14.29	6.74	89.68967126
1016.25564	3	2	12	16	11.87	7.34	89.36128392
860.0622522	4	2	0	17	9.93	8.14	91.25539122
1532.134327	3	2	25	10	12.86	7.85	123.5601784
857.5664696	5	4	27	11	1.23	6.85	103.2305204
1228.626495	1	2	18	2	7	4.45	98.12953393
1008.937021	4	3	10	17	14.84	9.84	81.00977109
1391.59193	1	2	4	23	11.57	5.73	121.0587216
1333.464842	5	1	0	5	14.43	2.11	133.223107
1615.015978	5	2	19	6	11.72	3	177.2328291
995.9934405	1	2	29	0	13.14	6.97	76.96545839
1092.050026	1	4	12	5	10.63	9.25	111.7922334
808.4945137	1	3	7	17	11.43	1.87	62.67933119
1022.282696	5	2	5	12	7.9	0.92	106.5548803
1350.920197	2	3	28	21	13.87	8.83	135.0887251
1502.795447	1	1	16	18	12.39	9.16	103.6770735
831.1338703	4	4	11	6	12.67	2.84	108.8813934
1547.842368	5	3	0	18	10.13	3.84	148.2794785
1742.255144	3	4	2	8	4.64	6.64	155.731019
1365.373961	3	2	13	2	0.63	3.37	126.4709232
1950.718325	4	1	25	22	14.04	8.78	160.2373026
890.4843204	2	4	7	11	8.83	1.17	79.97164217
702.1381187	1	2	10	19	4.54	0.48	63.88360148
488.5119004	5	3	26	23	2.32	2.16	53.02370684
1798.417725	1	1	13	29	12.46	2.93	138.6215406
1461.746263	5	1	7	17	12.56	1.22	119.9672502
1177.766132	3	3	28	7	12.24	0.75	113.8324349
1311.987451	1	3	2	8	9.71	7.58	98.40506073
749.8043811	4	1	6	12	5.55	1.73	96.19914097
2178.300792	2	4	27	7	4.63	9.15	173.788985
1251.688473	4	1	18	21	0.23	3.74	121.5376281
1243.757918	2	3	3	9	12.52	6.74	114.1787158
1490.30665	1	4	24	16	1.4	2.33	143.2693881
1392.403693	1	2	15	6	9.5	2.48	108.5399902
1289.55361	2	1	12	16	7.61	5.79	92.00283545
883.8102178	3	3	19	22	7.95	5.65	92.45873244
1388.587343	5	2	18	29	13.91	7.71	118.490266
1952.809799	4	1	4	17	0.57	7.6	168.2436031
1738.168018	4	1	22	23	11.62	6.74	154.395414
1837.274651	4	4	4	1	0.88	4.55	183.1589504
995.5137294	1	3	19	2	0.67	8.92	93.12728178
804.1580719	4	2	23	28	6.5	6.26	69.85785954
1149.685232	5	1	3	27	1.04	9.9	104.7122454
1222.289965	5	4	1	18	11.86	8.21	112.0282031
1637.676607	2	2	25	0	7.99	0.54	155.2772003
523.0141481	1	2	12	20	0.53	3.27	70.09549423
1811.820128	5	1	29	20	0.7	5.76	158.5303158
1136.796841	3	2	15	9	9.23	7.24	102.1656806
1029.247572	1	1	21	20	12.11	5.55	74.72727343
795.1582499	1	4	1	13	6.62	7.88	79.51028727
538.0573313	5	4	18	12	8.36	2.9	86.57581766
1529.268234	3	2	16	8	12.02	1.92	136.7878377
1229.327187	2	1	4	5	9.2	0.63	105.931303
684.0156401	5	3	24	5	3.45	5.78	98.23795719
681.9684912	3	4	17	18	9.23	6.92	54.54450307
1065.68612	1	1	27	20	9.46	3.33	62.798937
1867.60861	3	1	22	9	11.04	6.17	185.6284336
1096.163459	1	1	20	22	9.35	0.62	79.89829509
598.7428188	5	2	17	2	14.54	1.08	70.45017227
1101.702774	5	3	7	17	3.04	7.05	124.7863804
1090.910572	4	2	26	20	14.27	3.74	101.6267884
300	4	4	14	18	8.12	6.75	55.70838306
1178.282053	4	2	12	4	10.11	8.33	123.8428617
1107.626188	5	1	12	24	1.58	8.54	96.45755045
1478.482546	2	2	15	10	5.77	1.8	148.6074105
1939.582438	5	1	21	9	11.56	4.91	180.9736937
1650.626012	3	3	19	16	10.63	7.37	148.1782374
1092.444524	5	2	12	3	0.7	7.76	129.0727433
757.3896365	5	2	19	25	8.24	7.87	55.58427736
2229.343921	1	2	1	20	1.42	2.36	188.6562838
1223.687374	1	1	2	17	14.94	2.01	83.19323592
1205.571717	1	1	14	27	13.47	5.94	73.92360207
1190.349965	5	2	22	17	0.41	7.44	121.4052212
1279.233904	2	2	18	0	12.89	3.26	123.5172339
1142.255835	3	3	12	13	13.8	1.14	109.2803996
970.5351972	3	3	4	7	5.37	7.2	105.3135624
981.2564235	2	4	25	1	10.82	3.07	95.09718591
1186.898692	2	3	21	18	6.69	1.75	114.2868731
982.6300915	3	3	5	14	9.86	1.56	95.53991117
914.8616869	4	3	13	27	5.17	3.22	104.4001708
1242.572091	1	1	3	1	4.91	5.97	118.1943627
1098.009113	1	3	21	3	6.42	3.65	106.3149053
1801.597195	3	3	18	29	2.27	0.3	157.6508431
300	2	2	22	0	12.48	1.06	41.90589904
8183.013704	4	1	6	18	5.3	2.98	153.6087463
1698.434077	3	4	3	20	6.06	6.63	156.492066
370.643907	1	4	1	9	13.42	1.08	35.42488193
1062.924962	5	3	26	0	7.5	5.65	113.9685772
1051.423654	2	4	6	19	8.21	1.29	103.9535963
636.9953221	5	4	2	21	14.35	2.19	64.91067909
888.873325	3	4	14	14	13.31	1.8	86.18016324
755.7696618	1	3	0	3	2.63	0.77	90.0582523
1900.908177	4	4	1	6	7.15	6.75	186.5075346
1574.271357	5	3	9	29	14.57	4.69	127.6330355
1708.622038	4	2	15	6	5.65	8.33	164.2310101
1488.668826	1	2	24	21	5.64	1.08	147.2803201
748.3792915	5	4	27	24	3.01	1.53	101.7902985
990.1918935	4	2	14	17	1.8	3.13	104.305469
1395.749824	4	3	23	12	11.13	7.68	143.2349324
711.1488764	5	2	14	9	11.57	3.13	103.9957905
1485.199372	1	4	13	23	14.54	4.14	127.1895149
1103.869841	4	3	21	7	11.62	3.09	95.07801736
1050.071677	3	1	13	26	3.73	0.89	104.9858649
1484.383987	5	3	5	9	0.7	9.4	168.3785952
1377.705325	2	2	13	13	14.78	5.53	91.91704167
1055.613534	2	1	16	13	5.17	7.9	102.7962378
1663.731921	1	3	17	26	4.75	6.62	136.0713363
767.574669	3	1	19	19	13.6	5.19	77.58835814
1446.374243	4	1	18	21	8.82	0.99	131.1223791
1437.240503	2	1	29	10	3.3	6.46	132.2834974
1076.181424	1	3	16	5	13.35	1.64	98.86244034
1330.453209	3	2	15	20	14.9	4.2	118.3373636
699.5545694	3	3	7	29	1.39	6.33	78.20340601
1569.610808	1	2	6	0	12.95	7.84	120.7658933
1126.039145	1	3	19	18	5.92	6.88	94.84388636
990.9107918	4	3	27	6	7.91	6.75	105.3150588
1619.60369	1	3	11	23	13.73	1.58	141.6318725
918.2625238	4	2	8	17	14.6	3.53	90.46025628
636.6154815	4	3	26	2	4.01	0.52	82.12533569
577.3483306	5	1	13	19	3.27	7.22	60.79091326
1442.403981	3	3	19	29	1.3	9.53	137.2557906
687.828259	3	1	0	10	8.47	2.71	65.94602288
1901.917673	3	4	9	4	0.3	0.97	198.5493558
367.2282368	5	4	16	18	6.24	4.81	60.48439668
1878.582547	4	2	16	20	1.19	8.58	187.5956628
1284.406987	4	2	16	23	6.14	5.56	113.0664002
1161.314755	1	4	3	23	0.69	0.56	126.5168115
982.0323653	5	3	16	29	12.54	9.75	100.0493536
1359.654446	1	3	17	1	3.23	8.3	122.3523892
1184.946119	5	3	19	21	4.99	1.4	117.4043615
1641.320753	1	4	22	3	13.06	9.23	158.0265408
1245.691059	2	1	1	24	11.22	4.56	89.5169985
1260.120705	3	2	7	9	3.36	3.78	128.3174844
1054.555115	3	1	12	1	1.17	4.66	115.1859778
1177.221751	4	4	22	7	10.76	8.36	118.1777845
1323.120708	2	1	24	0	5.92	6.63	129.255091
515.9326429	3	3	29	26	11.51	0.69	43.60490436
660.7258312	4	3	21	5	6.73	9.58	97.94871875
1497.305638	2	1	19	10	5.26	1.56	126.9792655
1268.346175	3	4	21	26	6.82	7.48	114.8603602
1126.406665	1	1	14	29	11.25	6.4	65.6107642
1207.373573	5	3	19	27	13.54	1.96	124.7350169
1339.032682	2	3	22	9	0.84	1.79	153.0637234
984.0961279	4	4	8	12	7.91	8.72	123.3411096
888.6781098	2	1	2	0	0.59	4.25	106.3334591
1278.338102	4	3	2	1	7.08	6.58	128.2956274
808.650889	2	3	1	2	13.29	5.09	77.68926547
1363.301102	4	1	0	8	5.49	7.3	127.4070437
518.9665583	3	1	13	4	13.99	4.84	39.72581779
1611.662255	1	2	16	9	9.5	2.95	133.718173
1389.038993	3	4	12	9	14.02	3.7	137.9267342
1302.411894	1	4	18	11	11.38	8.6	101.4871113
1593.076394	3	1	29	17	1.64	4.73	123.3842422
1866.189778	3	4	22	25	3.54	2.21	160.249149
1605.748026	2	3	14	20	5.97	9.35	145.9980212
463.6503075	5	1	26	20	2.63	7.99	43.36198564
688.1692133	4	1	24	0	7.47	0.65	78.84961534
950.0725689	4	1	13	2	7.12	9.99	92.63358619
1210.43642	4	2	1	4	14.35	6.98	115.6109236
1407.063608	1	4	6	24	6.56	1.69	125.6871371
909.7024747	4	2	16	25	11.81	2.45	89.14638189
1274.706706	4	3	17	16	14.13	6.96	113.9657456
897.8468271	2	4	5	7	13.17	7.82	73.82245159
955.3928788	3	2	26	16	3.21	2.47	107.6174512
637.3355613	4	1	20	8	7.49	2.64	56.24960614
830.7067016	5	2	7	5	5.28	3.14	108.921108
659.3261578	4	1	27	16	6.06	6.02	82.09901957
809.6506988	1	2	26	7	5.48	1.8	102.6235204
1621.456719	1	2	1	20	12.41	1.13	122.3786163
820.2404445	1	2	0	6	6.84	6.82	69.35332375
2252.952826	4	1	15	6	7.9	7.81	200.0415057
1397.32716	2	2	6	14	14.74	5.06	113.8375323
1273.934449	5	4	21	6	0.99	3.7	155.1129878
856.6568879	4	4	23	21	7.37	4.38	97.90919221
1480.123952	2	4	10	26	11.63	3.95	121.7750944
969.7448695	2	1	14	7	2.35	9.6	90.59873544
1248.803926	4	1	12	8	9.21	7.7	126.0255219
2224.033815	4	4	29	27	3.67	2.16	192.6287461
1161.57604	2	4	23	14	13.02	3.9	101.8450951
1659.709331	2	4	1	1	4.97	5.49	164.4679795
918.7294299	2	3	13	6	5	6.17	82.89566702
1186.004604	4	4	23	14	9.01	4.74	84.86675684
1908.320254	2	2	5	17	2.84	8.12	179.7273849
949.2131769	1	3	8	21	4.34	7.7	82.86432213
1924.979423	4	3	27	17	6.31	5.1	165.2706846
1483.100774	1	1	6	9	5.37	8.56	133.060255
975.0132896	3	2	17	21	7.92	7.54	85.8819816
1452.963096	4	1	23	17	9.03	7.81	118.3048988
1589.02178	3	1	8	0	8.54	9.57	145.9150298
1448.723985	2	2	22	6	9.85	2.74	130.4014506
571.910112	2	1	3	2	4.69	2.75	58.79292082
909.1451297	5	2	8	13	1.98	8.9	95.03948274
1100.992546	2	2	3	11	11.44	7.75	83.39000789
1170.226628	3	1	11	13	12.78	9.27	104.7216516
1448.268839	2	4	3	28	3.93	0.72	121.0859423
1271.0804	4	1	24	3	6.17	6.31	117.7593662
665.8622565	2	3	29	12	7.53	1.53	72.02052347
1352.07914	5	1	23	15	8.05	5.09	144.5231641
1444.234298	2	2	19	15	9.93	1.64	127.1397437
1423.916179	3	3	13	21	0.72	1.37	146.3350268
1632.31229	3	2	23	4	10.85	0.22	152.4110732
1533.568862	2	4	23	19	1.02	6.34	152.9538776
1383.672032	3	4	6	24	7.08	3.65	148.6533897
1171.933715	3	3	25	5	12.43	1.14	110.0494415
535.6156266	5	4	12	5	6.82	3.3	81.66565831
1371.847288	4	4	21	17	2.32	1.77	145.7830633
1283.075075	5	1	7	5	14.78	9.42	123.1721066
1308.631535	1	1	22	6	13.35	3.27	107.3786726
689.3005697	5	4	4	23	11.59	3.41	73.57063447
767.5773838	2	4	11	29	6.23	8.41	69.63123211
1621.261141	4	1	12	23	2.84	6.51	171.9016147
1184.177938	2	4	28	15	14.13	7.13	104.7130728
1472.600279	1	4	19	8	8.03	6.4	111.944318
1211.32735	4	2	13	25	12.8	9.47	98.52124824
1211.902456	3	4	27	26	5.2	2.15	118.1261478
1575.313522	5	3	17	12	5.1	9.89	153.5873374
993.5821087	2	2	26	11	14.78	8.33	79.90218501
1238.448311	1	3	23	18	7.88	5.93	107.738535
1015.089885	3	4	24	25	2.2	6.66	107.8253065
1026.201509	5	1	19	22	3.37	6.52	107.4244848
1076.331151	3	2	3	22	7.28	0.68	111.3327375
1288.853509	5	1	20	0	0.73	2.26	128.4707844
1008.500551	4	2	17	7	6.99	9.62	99.56947195
1702.30245	3	1	6	3	6.34	5.39	160.1068687
842.1570791	3	2	14	20	11.71	3.85	78.80219653
1125.251342	3	2	20	29	5.39	7.64	92.41711334
1024.107577	4	3	5	21	14.74	5.29	88.18965871
1778.791154	1	1	15	18	2.79	0.23	144.3540696
1278.621911	5	3	19	20	8.91	7.39	134.4524178
1612.737816	3	3	23	25	1.44	7.35	129.3899927
605.7758508	4	1	7	4	11.03	1.73	57.02673359
1306.820106	1	2	27	16	14.92	9.57	101.1720317
1555.852318	5	3	20	2	12.31	2.32	161.2719374
1232.913596	4	1	15	18	8.38	4.63	98.02887638
1626.19215	5	2	27	0	7.32	1.24	172.5837695
993.08462	3	3	21	28	12.54	6.07	86.34781594
1763.738976	1	3	15	22	14.05	3.82	144.3397461
2119.559249	4	3	2	0	14.84	3.6	193.6012713
1054.864576	1	2	16	22	6.01	8.29	89.79987998
1021.798991	3	3	8	19	14.86	0.19	97.86020017
1781.353791	1	2	24	8	2.42	8	159.9234074
1831.828858	1	4	2	22	3.88	5.76	160.7229658
990.8559891	2	3	19	4	1.43	9.86	100.8088607
1031.925273	1	4	28	6	4.15	5.94	101.0256021
1087.286156	5	1	6	24	11.54	0.65	105.9165546
662.2197956	4	3	17	25	12.81	0.6	76.87972483
832.5392214	2	1	11	5	11.71	8.84	90.62654773
798.3436933	4	1	18	16	9.5	8.43	81.00817851
892.880974	4	1	15	21	7.76	3.52	90.57655376
1186.126045	3	4	21	16	10.66	6.22	123.2763817
1293.685893	3	2	26	12	5.92	4.95	126.3954686
1820.200197	2	4	23	11	12.64	9.67	143.6089179
800.6583837	3	4	16	3	10.19	9.5	77.39136376
1593.728959	3	1	19	29	10.5	9.84	143.8155135
1114.404462	3	3	14	7	8.09	8.68	100.866023
1180.214516	4	2	0	4	13.29	9.1	115.8906345
1469.927797	2	1	1	4	3.86	2.25	127.2751626
750.9111914	4	2	7	12	5.78	8.33	94.31583274
1352.963898	5	4	21	25	11.69	7.12	123.4114122
1266.580883	4	2	24	10	7.44	9.63	121.522266
1396.980506	5	2	1	7	13.35	5.76	131.348031
1315.667458	1	3	18	7	5.26	0.94	128.7380629
2182.120056	1	1	8	0	5.6	6.01	187.757055
944.9040063	5	2	8	12	13.34	6.9	103.1639619
987.601218	5	2	12	28	7.02	2.28	107.3127663
950.7437894	4	4	5	4	7.79	4	111.3298182
977.8091523	5	4	29	27	5.06	6.03	112.3425993
945.0451491	2	2	14	20	4.22	3.8	95.50330662
1675.606612	1	1	18	7	9.87	3.81	134.6819373
1768.201699	1	2	20	16	1.89	1.42	151.3150446
971.7014825	5	2	14	22	13.2	9.41	104.8890687
867.0577708	3	3	17	22	11.71	7.53	84.35145309
1388.566223	3	1	6	12	2.94	0.11	138.513293
979.1107823	5	3	25	8	10.44	7.68	96.64007222
1453.172727	2	1	10	1	9.08	7.42	109.0393433
1281.169208	3	1	7	18	2.85	0.2	119.9868505
593.702354	5	1	5	19	4.17	3.76	68.45759715
1819.002081	2	3	7	16	6.19	6.11	156.1009119
1918.351069	2	3	1	6	10.52	4.58	176.7086499
954.8845238	4	3	18	29	9.62	7.8	103.380854
1044.919376	2	4	15	25	8.03	4.31	106.1042119
1314.346156	3	3	6	2	11.55	1.62	121.9345233
1333.782716	3	4	9	18	11.39	9.77	123.6003567
7317.088545	5	4	11	18	9.31	2.5	142.0282114
2004.081816	5	4	16	23	11.83	7.21	162.4514279
1129.221109	2	2	6	8	5.08	1.52	109.2610932
880.6811022	1	2	21	9	13.23	3.36	85.99774167
648.2723088	4	2	7	28	9.26	4.48	60.81883502
907.627984	1	4	6	13	12.35	2	90.022484
1186.749211	2	4	3	17	8.24	4.55	103.2558811
1917.823145	2	1	2	25	3.35	1.66	170.4628363
992.9554804	1	4	18	14	8.18	5.63	87.68044335
1289.515181	4	2	14	25	5.63	6.67	134.8029
1193.430842	1	4	3	0	10.49	0.72	111.1772414
1675.357309	5	4	24	29	7.19	8.72	150.5007221
2210.77297	3	1	8	24	12.56	1.93	195.9607143
987.6524908	5	4	12	5	10.2	2.33	108.6398168
1004.224223	3	3	17	29	10.3	6.65	89.28626391
1617.664351	2	1	20	14	3.34	4.74	136.91682
1472.756596	4	4	15	24	14.77	5.04	140.3054948
1938.68293	1	4	0	5	12.64	1.37	181.2994311
1433.571274	4	1	3	17	11.86	8.08	116.7444212
1056.283164	1	4	17	0	5.02	6.21	110.9740417
1436.261932	5	2	7	29	8.08	1.44	141.9445242
1643.481432	5	3	19	23	2.14	3.8	164.6325196
1528.192872	1	3	15	2	8.12	8.12	149.2713413
1402.909612	4	2	20	16	2.27	5.73	153.1050319
1626.669876	1	4	10	15	8.34	1.18	135.155141
1667.718236	2	4	19	7	9.77	3.79	164.24804
1752.863596	5	3	20	27	5.91	2.5	171.7032443
1459.483955	2	4	20	16	7.53	5.22	134.9867927
1133.152768	5	3	20	7	13.15	8.45	111.2903015
1258.685475	5	3	26	16	1.72	4.42	121.2719197
1682.603587	3	2	18	24	11.9	4.39	143.6465031
873.2257316	2	3	22	29	2.64	9.06	82.0207344
1347.469324	2	4	18	8	0.65	5.8	155.3248854
1042.664475	3	4	17	11	2.87	5.71	105.1599682
1211.497929	4	1	18	28	11.5	2.69	88.8951223
1711.380745	2	4	10	24	6.14	6.12	137.8547274
1276.439627	1	1	2	18	13.1	5.8	111.6674022
1218.574619	3	3	7	3	7.92	4.03	117.7800734
656.0575436	2	4	19	20	0.43	9.91	84.67885522
1498.501426	4	2	18	21	10.78	8.83	130.4426795
1458.193672	2	2	9	24	1.74	7.52	117.8046306
2065.301889	5	2	15	28	11.86	5.42	198.6693307
1076.888706	1	3	4	10	2.6	4.67	116.4728635
1287.660131	3	3	19	27	5.25	1.93	118.8736426
1299.753473	5	1	8	3	11.44	3.13	139.2162555
1830.981312	4	2	7	13	14.32	7.76	158.8171286
1161.881787	5	1	10	13	5.63	4.59	123.3984191
1311.60861	5	1	15	5	12.46	8.83	141.0359053
1443.158604	4	4	6	28	2.94	1.56	128.4803464
1274.643649	5	4	14	16	12.13	5.13	123.725103
1021.426554	3	2	23	1	9.9	6.5	100.4262345
1277.635997	2	3	28	7	2.97	5.22	128.3158119
1629.4527	5	4	20	3	4.61	8.9	155.7173521
789.3938802	3	3	19	9	2.06	9.9	96.42880496
1253.18787	2	1	22	6	5.81	1.25	105.7433677
919.951674	2	1	16	3	3.13	1.39	82.73009485
1678.018652	5	1	5	15	9.7	1.39	154.4816415
590.7252381	3	1	14	13	14.92	6.84	69.33704324
976.4312611	5	2	7	15	0.28	3.79	138.6629115
1350.88475	4	1	6	24	8.16	7.36	123.2760018
1826.209612	2	4	1	8	8.65	4.11	163.0467885
1173.699896	5	1	29	3	13.72	6.31	115.4471186
977.9201893	2	3	12	28	7.64	7.72	86.23871451
1952.462828	3	4	29	23	8.2	5.53	187.0970135
620.7944398	1	3	22	5	7.13	5.44	51.07407107
320.4776174	5	3	28	0	4.11	0.97	80.87485744
1376.00578	5	2	5	6	0.93	4.17	134.3610868
999.1783103	2	2	28	0	6.19	5.5	94.29730773
791.5068731	3	3	4	18	0.88	4.67	88.50284121
1483.342579	4	3	19	7	8.3	9.02	146.1028633
1297.520286	3	1	0	24	4.68	9.07	111.8935777
974.3685477	5	4	28	2	8.05	8.24	114.4481343
687.8782405	4	1	17	0	2.1	3.82	87.85865764
1548.982931	3	2	14	0	14	7.2	122.1511593
1460.080471	1	2	22	6	13.43	4.01	126.2337887
1160.329654	2	1	9	20	2.93	2.4	113.5034274
1938.654798	3	4	2	12	5.22	3.49	195.4629163
771.9660935	3	3	4	29	9.24	0.8	92.99995966
589.7899316	1	1	23	0	1.53	3.38	69.75153261
923.236772	5	2	28	15	5.38	4.66	116.2900596
1181.765593	2	4	12	21	3.84	9.56	108.9662471
1297.33578	3	2	7	29	13.74	3.2	91.73467997
1103.505577	4	4	21	21	12.8	9.03	111.8073058
1340.822159	3	4	20	13	8.74	2.37	137.7770075
699.3842303	2	4	28	3	7.85	1.99	80.44500674
1777.505842	3	1	1	22	13.97	5.24	142.6216491
1167.139529	1	1	8	22	13.99	6.76	87.95515617
1646.918333	3	1	16	11	14.54	0.54	137.9978007
1337.090139	3	4	26	24	1.97	2.29	137.1937845
1382.701288	4	4	17	11	2.49	4.61	136.2181534
1427.906912	1	2	12	16	10.18	3.38	109.2142934
1379.083424	1	3	0	20	8.17	7.15	100.5967809
1457.089104	3	1	11	14	0.38	5.16	160.4237134
1731.661012	4	4	19	9	1.02	1.69	179.1877023
1278.608468	3	2	19	2	13.33	8.96	126.2072448
1483.601503	3	2	20	22	13.05	3	114.6602919
1164.105722	2	2	4	19	5.42	7.34	100.435593
1776.046886	2	1	7	19	13.38	7.82	143.7867362
929.4430792	4	1	26	28	8.95	9.64	94.61606759
1920.376173	5	3	14	11	12.11	5.04	172.5411552
1183.93682	2	2	26	0	6.47	6.2	108.9656756
627.6899592	5	1	2	0	1.79	3.42	80.41166913
1251.241766	1	2	5	9	6.56	6.81	107.0732096
927.579337	2	4	27	17	6.91	4.69	80.46386209
1536.25742	2	2	12	14	8.31	4.43	119.0171712
938.9504083	4	3	11	1	1.67	8.57	112.3428235
1021.526627	5	1	18	16	14.87	0.6	105.1040964
2220.918538	2	4	28	7	3.74	8.83	46.09226772
1019.077472	2	1	17	21	3.06	8.54	81.77727549
300	4	4	23	21	7.95	5.11	45.87252598
566.4388706	4	2	0	25	8.1	4.95	77.2026332
1504.165862	5	2	24	25	6.65	3.68	114.5835541
1514.320063	1	3	26	8	11.6	9.94	128.723318
6850.915124	1	3	6	20	7.8	1.2	125.0871738
813.2095427	3	4	11	19	9.18	5.94	74.6673933
1180.915458	2	3	9	10	10.88	6.85	101.4449418
1198.558984	5	3	28	5	0.47	9.35	137.6706195
736.6541243	2	3	11	23	8.6	7.82	64.55998658
1801.359321	5	3	10	13	13.27	6.47	182.4993532
1550.944916	5	2	3	0	0.36	1.26	169.6620443
1111.61433	5	3	18	6	6.14	3.8	133.1333806
1210.754336	2	2	5	23	13.9	1.47	103.0069238
1283.353123	4	2	24	8	5.36	8.82	133.1214384
383.3060526	2	1	8	10	6.94	7.52	31.54659653
1101.129047	5	2	19	23	14.72	7.6	100.8582144
927.2063008	3	2	9	22	3.07	6.56	89.5888648
799.351996	1	3	4	15	1.07	5.12	72.90590959
1087.559883	5	2	26	18	12.91	1.58	116.4989653
1919.074611	3	4	12	1	13.04	3.36	156.5359548
1456.337145	4	3	8	14	7.13	1.46	157.2525138
971.5284041	5	3	1	2	7.76	7.28	88.39871978
1429.033113	3	3	17	3	12.55	1.69	133.8733824
1759.742175	5	1	20	19	11.1	7.05	164.7309926
1569.853473	2	3	0	21	4.05	6.95	126.7844591
1223.852148	3	2	23	27	0.35	4.65	120.5055686
941.2252889	2	4	20	6	7.25	1.44	102.6022464
1479.289325	2	3	11	11	12.9	3.22	132.0534657
1357.394154	3	3	9	3	13.45	3.27	123.848516
1558.077288	1	4	1	9	14.35	7.03	124.6491914
1454.068721	3	3	27	5	13.21	1.23	120.2882448
1619.821086	1	1	8	24	8.74	8.31	122.4098539
985.9059154	5	2	1	29	6.72	7.63	105.3795815
1726.957626	5	4	22	21	11.65	1.94	159.5636
1279.039842	3	4	23	13	11.12	7.22	114.6409441
2030.104349	5	1	29	2	8.12	6.72	205.1849636
924.3248728	4	2	21	16	1.4	7.51	97.62300023
1894.385521	2	1	13	10	13.9	1.97	159.8164393
1279.164313	2	2	10	9	6.89	1.66	124.5943326
939.4327986	1	1	22	25	5.51	2.44	75.44910804
1006.445666	5	3	10	28	9.48	3.72	107.9762156
1071.861077	1	1	16	20	10.14	7.96	90.10689677
1369.666379	2	4	3	9	3.24	7.41	141.2930242
1409.134195	2	4	12	9	12.57	9.26	132.8925508
970.5199984	5	4	6	2	4.42	0.68	101.9664373
1190.258163	4	1	15	23	2.88	0.21	106.3774437
2056.908143	4	4	0	25	6.16	7.02	180.8998705
1891.017268	5	4	12	14	10.99	2.86	172.8458336
1374.529468	5	3	0	16	14.49	3.41	123.6453373
1215.201391	1	3	10	26	12.16	5.51	103.1117481
1248.012531	5	2	5	17	14.11	1.11	120.5901446
1445.407189	4	2	19	18	2.2	6.46	138.4560558
790.8829739	5	2	2	18	1.16	3.32	93.96701313
1097.049385	1	1	11	11	8.41	6.36	86.08257442
532.5663704	1	2	4	23	4.43	8.36	42.68197334
1359.689249	1	1	8	4	12.44	1.79	127.2910367
1458.878376	1	1	25	23	10.11	9.32	90.98004448
1006.725415	3	2	25	26	14.56	5.35	94.53051373
1829.594705	5	2	11	15	3.9	9.24	195.7323472
709.6937348	2	1	29	29	7.34	2.16	72.40792943
614.2500479	5	3	29	14	7.57	6.09	67.28467107
1289.780727	3	4	27	14	3.66	4.1	125.6451455
1618.839321	1	4	26	26	8.89	7.76	141.9641357
1873.571077	3	4	9	5	6.7	6.1	173.9791293
1016.446295	4	3	18	11	6.76	5	102.6436007
1631.472333	4	1	4	1	5.5	9.14	153.0959832
1184.596612	5	2	25	26	0.35	3.83	113.0652207
1130.94908	5	1	4	19	7.88	2.28	111.3933453
1553.463975	2	1	8	8	5.1	6.12	125.1989612
1460.929151	2	2	26	3	0.12	6.28	148.4310712
569.4431372	4	3	27	4	4.69	4.45	69.92413853
1790.61614	1	4	25	20	4.25	4.92	156.7283184
1752.036542	3	4	26	25	5.96	9.6	150.3865099
949.7749194	2	1	19	7	2.06	7.35	95.95050033
1358.321413	2	3	16	21	7.66	1.19	130.2450538
1397.612075	1	4	9	9	10.42	2.2	127.9099521
1304.269506	1	3	20	6	9.49	9.76	104.1424115
979.8779385	5	2	0	21	12.08	7.29	87.93061286
931.3506528	3	1	21	13	6.83	9.16	109.0830544
1189.778372	1	1	27	29	7.83	3.11	101.2834105
1669.091608	2	3	15	29	12.17	7.44	130.4927491
1417.440062	2	4	25	4	6.47	7.17	129.1535969
1051.754267	4	3	25	15	10.55	3.02	91.17491274
1508.679484	1	2	14	14	6.58	5.55	138.640693
300	5	4	22	4	6.32	6.31	54.25896712
1659.50628	3	4	16	2	11.43	4.86	166.6938556
504.1144885	5	3	25	22	2.71	8.29	76.71980709
1055.023623	2	2	19	28	5.14	8.35	102.0819114
752.1320421	5	4	24	9	3.44	8.52	104.3149539
682.1274097	2	1	12	4	5.45	8.05	65.49177168
1664.330715	2	2	0	22	3.53	4.93	145.1255334
1012.919519	2	4	24	14	8.73	3.88	97.69891743
1338.601553	2	3	7	17	11.99	8.33	108.8486643
1181.231768	2	4	4	24	11.82	4.95	85.12236453
1390.816331	4	1	5	7	5.53	2.54	115.5472373
1230.728756	5	2	22	20	14.83	5.12	120.1545932
686.8031103	4	4	19	1	8.95	1.5	87.69502855
1598.506728	4	1	29	21	6.05	6.95	152.16093
1002.497367	1	4	13	7	12.55	3.43	87.10040036
577.3672405	1	4	21	22	10.98	2.68	51.85788359
1028.753936	1	2	22	7	11.26	9.57	92.92760391
1800.303916	3	3	10	3	3.02	7.79	187.2216957
1540.088697	1	3	5	29	7.08	7.89	119.7373032
1060.539146	5	1	10	18	12.94	6.27	88.29832427
1060.296918	4	1	12	22	7.61	8.41	108.0938349
1071.34598	5	1	11	17	10.28	7.62	98.9048197
2030.699193	1	2	21	29	8.86	6.03	153.6475442
1352.774181	3	3	1	20	12.65	9.62	110.3480009
1372.016659	3	1	20	28	4.34	2	114.7669934
1612.113382	4	1	2	22	8.67	9.44	145.7505247
1295.515664	5	4	22	0	1.94	4.07	136.6749594
1096.383142	2	4	3	19	10.38	5.33	99.51116291
1121.46006	5	1	16	14	11.01	1.32	113.9458929
1171.359496	1	4	27	17	0.74	5.45	105.9753065
1185.111105	2	4	27	21	10.17	6.15	120.0562129
1491.051817	3	4	21	11	6.28	9.98	149.2474879
1220.778354	4	2	5	0	1.95	9.75	123.9769786
1493.056031	4	1	6	6	6.36	9.67	138.0150185
1167.713368	3	1	14	18	2.99	3.55	119.9319747
1231.454076	1	4	10	27	6.29	9.91	102.340597
400.7197262	3	2	23	0	5.83	4.61	71.38935948
1566.53107	1	4	2	23	11.1	8.53	131.3405826
1338.59539	2	2	29	6	11.64	2.24	121.856464
1599.204044	3	1	5	1	9.14	5.11	147.8230898
300	1	4	25	6	0.44	9.66	76.23296645
2035.349882	2	1	1	18	13.97	9.48	147.2953603
1144.164149	3	2	28	12	10.32	6.87	92.70877141
1643.273127	4	3	13	24	0.61	8	153.9154195
784.0376291	3	2	8	23	12.3	1.85	85.02989365
1445.109562	5	3	17	4	3.08	7.24	128.481898
778.6337747	3	1	18	22	8.73	6.22	49.79980664
950.4924157	5	1	11	18	7.05	1.01	96.77411343
1965.612542	2	4	12	0	6.36	1.22	206.8426004
1123.72704	3	3	25	0	13.36	1.17	112.18457
1286.973149	2	2	11	26	6.62	7.27	95.5736623
1548.027092	2	1	11	17	1.22	1.5	148.8986518
1398.272755	1	3	17	23	14.2	4.73	125.1571181
1260.167562	2	2	8	0	13.82	3.63	105.9385066
1345.984401	2	3	16	26	10.3	5.55	116.4228077
2161.366234	3	2	20	27	7.07	7.09	182.8208726
1176.952481	3	2	15	4	1.48	6.88	126.5988522
1280.439619	4	2	16	8	11.88	5.2	116.4295962
1620.261758	1	2	20	11	1.22	4.7	151.1832507
1642.210373	2	3	23	8	1.12	4.04	165.1855104
1674.812122	1	3	7	17	8.11	8.63	144.9919636
1455.492089	5	4	10	22	2.49	3.38	135.5239607
742.7980349	2	3	23	10	0.22	2.67	71.68520627
1853.372613	1	3	1	0	6.4	7.46	156.7294833
741.4618428	4	4	7	18	2.14	3.66	94.49582151
1321.054186	4	3	11	21	2.49	8.49	134.9963309
898.28966	2	2	20	24	1.25	3.35	76.142304
1174.344661	5	1	0	9	3.16	7.05	126.2579459
1331.504964	4	1	22	1	10.76	0.55	140.1256883
1328.542886	4	4	12	6	12.15	3.92	139.2474396
1368.768302	5	3	21	19	6.84	3.5	133.3951485
1845.484508	1	3	20	1	7.65	8.19	156.7225527
1381.413721	4	4	16	18	0.59	9.67	127.0934164
1102.337346	3	1	13	5	1.13	4.66	131.0062273
1585.634867	4	2	13	9	3.94	8.27	156.7470847
1675.788196	1	3	15	8	8.2	7.03	127.4767177
708.9568739	1	4	16	7	11.12	9.68	76.39501123
1438.960028	2	2	5	25	9.11	8.13	122.7662878
1480.469097	3	4	25	29	5.94	0.87	150.0564735
1080.974599	1	4	27	10	1.86	7.16	99.9319126
1750.282725	5	4	6	8	11.73	5.4	165.4363622
1139.977765	3	1	25	19	5.52	0.26	99.73975066
1250.230581	3	1	25	27	11.07	2.59	125.3342619
1130.77127	5	4	0	19	7.74	9.23	111.2797957
1206.231619	4	3	24	8	11.11	9.27	106.1984114
761.4899652	5	2	14	7	13.62	8.01	74.19766668
623.979647	5	3	19	27	13.82	9.82	57.72677942
1837.802025	4	1	20	14	8.07	8.08	177.4356993
861.2154607	4	2	17	1	7.72	0.2	102.7416283
803.4430602	4	4	29	23	4.06	2.95	104.8789518
338.6439546	4	3	27	0	14.04	0.4	56.77655642
944.4153009	4	3	25	8	6.92	1.03	104.622867
670.7640826	5	4	12	8	2	2.27	87.02000124
1856.806064	2	3	23	12	6.55	5.09	180.5527699
1603.926836	2	1	29	7	1.99	8.49	153.543763
924.7398619	1	4	1	26	7.59	8.63	87.78667073
2100.974322	2	3	18	20	8.46	6.2	186.2175887
1592.706195	2	4	14	4	5.13	9.29	141.7273505
1070.067447	5	2	11	28	1.17	5.05	114.8114684
300	4	4	14	2	14.16	8.9	56.75663166
2116.377029	4	3	24	20	11.62	4.6	195.1295309
644.1710133	5	1	17	3	12.6	2.84	77.20759612
541.8405012	2	4	13	16	5.57	9.17	78.07710833
1609.028173	5	4	5	15	11.44	3.94	161.6720275
2175.900963	1	3	11	15	7.33	5.08	195.931997
1753.709127	4	1	19	24	3.1	3.36	161.8901805
1425.563648	3	1	22	25	1.95	6.66	123.1604815
1437.901737	1	2	29	29	5.24	9.95	121.9759688
1541.366224	1	2	29	19	2.15	0.35	144.2844825
1503.571436	5	3	5	2	14.97	9.01	146.5783572
1312.47657	2	1	25	5	0.83	0.14	120.9287965
1241.680442	4	1	29	0	6.67	3.71	136.4720472
1174.962749	3	2	8	20	6.84	1.77	102.4384052
898.4141645	1	2	29	15	4.58	7.6	86.57069745
1087.729969	3	3	24	14	8.61	0.6	97.23654062
522.8172743	2	1	25	6	2.33	5.58	51.09491375
1160.664149	2	4	3	1	11.78	3.02	115.7220361
804.5635571	3	2	16	9	5.05	1.42	94.4587405
758.5642731	4	3	1	24	8.91	7.74	77.96801766
1271.95766	2	1	15	27	10.76	2.25	96.27301048
1756.800915	3	1	23	14	13.35	2.31	159.8081764
1567.326642	1	2	13	5	12.55	2.82	132.958379
571.7997586	3	3	25	1	9.16	5.91	70.45773279
804.1487454	3	4	7	23	5.89	6.63	80.88475975
1576.308475	5	2	13	23	7.6	0.27	144.0415493
807.0050426	2	3	1	16	11.55	2.49	85.9751702
1110.14674	4	1	15	27	13.18	4.37	87.57258598
1420.02084	4	4	3	0	1.65	3.39	172.8837894
812.6622181	5	3	0	0	5.83	8.85	91.68715603
1242.150202	4	4	22	27	11.66	7.9	115.7893383
666.389802	3	3	19	3	6.53	6.3	78.63066253
959.4529424	5	3	26	19	5.05	3.45	106.3100349
1327.912774	1	3	13	15	6.23	7.04	121.4442519
562.8025066	2	3	7	7	9.08	8.45	65.76605799
1376.189895	2	4	24	0	15	5.99	129.6628357
1192.14488	2	2	27	25	7.45	7.87	87.99674132
1420.995982	3	4	24	18	3.21	7.52	125.0986326
1289.565654	1	3	2	10	2.53	5.76	107.2065706
1745.656172	5	4	4	16	0.73	3.19	177.7836374
1250.089801	5	4	5	24	8.43	7.48	145.0606163
1028.237784	2	4	21	9	8.21	2.15	102.6952848
1248.919001	1	3	25	11	3.16	7.82	134.3746815
1417.319212	1	4	7	8	10.46	8.07	122.0434951
1219.544028	1	1	5	6	11.14	8.24	99.20340543
1216.236676	4	3	5	28	3.96	4.78	124.6806541
919.2033249	4	4	3	11	5.23	2.01	104.2420728
934.839633	2	1	6	14	14.86	1.09	79.35605947
638.9578913	1	4	29	7	5.68	7.46	49.80412569
1899.830697	1	2	29	16	11.44	8.87	140.2713486
702.4547058	5	4	23	4	6.85	6.54	75.92623193
922.8379209	5	4	18	13	11.92	1.53	111.0514322
912.6370938	2	2	6	1	11.56	9.36	68.51753143
1557.969751	1	3	2	15	10.05	9.89	140.2823007
1082.020129	2	2	7	28	12.84	4.39	88.20183533
1699.096829	5	3	0	16	14.09	5.99	164.8218463
930.6037503	5	2	0	2	8.74	7.79	96.26174369
1311.597665	4	4	13	22	3.64	7.39	119.413096
865.8611787	2	4	5	0	6.04	9.68	87.79965868
2058.059651	2	3	9	26	11.4	1.24	181.6146116
724.9606324	1	3	24	17	9.8	5.85	83.20736741
1323.928284	1	1	27	17	2.75	6.95	116.6379132
1453.510752	4	1	13	3	0.86	8.91	131.4641903
1365.519639	3	4	3	14	10.28	8.75	115.186588
1125.884936	3	4	5	27	3.84	9.78	91.25554078
1148.07172	3	1	15	18	7.55	5.17	101.35804
1217.524589	2	1	27	18	11.23	8.32	93.49760012
1141.199199	2	3	20	9	8.48	4.33	105.7898294
1585.551647	5	2	27	4	1.34	4.28	155.0779223
2084.209201	2	3	0	18	2.87	2.61	174.4686951
977.003286	2	1	5	10	3.37	8.2	91.49741701
652.0788082	2	4	8	6	3.94	9.86	78.39441347
1164.687181	4	1	14	4	8.52	2.64	104.9905738
2231.883735	2	4	11	19	7.61	0.66	201.1278491
878.5301728	1	4	2	11	3.13	8.17	95.95810929
1855.646722	1	4	10	18	1.11	6.24	141.82001
1871.080326	5	4	14	14	2.65	9.6	199.583245
978.5647033	4	2	2	11	14.77	2.6	101.0032194
1427.593232	1	1	13	3	7.08	0.8	136.1327489
1851.358649	4	3	1	29	13.02	4.98	147.7918749
1048.348904	4	4	28	11	12.75	0.95	117.1794028
1118.567856	5	4	3	17	7.72	2.69	130.5901909
967.3276344	4	3	25	16	10.63	1.35	93.03474498
794.0973077	2	3	18	18	2.97	2.32	90.9065299
940.288982	4	4	11	15	10.36	1.15	99.98952233
710.4238933	5	3	1	10	4.16	9.54	82.03483351
1213.633387	5	3	16	1	12.5	2.86	126.3381961
892.0107076	5	2	2	15	1.35	4.49	106.3315864
1293.514365	1	3	9	0	11.62	9	108.3111189
577.6417415	2	1	15	16	1.59	6.81	50.93747796
1332.352093	1	1	21	17	13.23	6.22	104.1657081
1533.411585	3	1	8	28	4.63	7.09	136.0427117
402.505743	2	4	10	28	9.85	8.31	38.19267061
1349.622628	4	1	20	24	7.36	8.79	101.9302649
1691.067597	5	2	14	28	5.56	6.46	149.5994933
716.1435925	3	1	2	12	9.72	8.91	57.05858679
1869.028955	2	4	15	4	14.22	5.4	180.4493
1367.607604	1	2	29	24	0.71	2.85	121.455549
917.9952577	5	1	20	23	13.79	8.81	78.54133879
1177.692369	1	2	20	28	9.18	5.46	85.24420698
1423.330765	2	2	20	26	12.13	9.07	108.8059021
1230.402157	2	4	27	5	5.82	0.5	133.0635067
1415.502397	3	4	11	0	7.13	4.04	125.1531531
831.7305628	4	2	22	9	13.05	9.48	82.09609824
1267.74433	1	1	4	4	6.28	2.57	107.7815908
634.5142012	3	4	6	27	8.07	9.42	66.34783729
1155.509575	5	2	8	0	0.4	9.54	138.3197807
838.4369434	4	3	20	22	2.46	8.83	83.10375397
905.788023	3	3	17	25	9.66	5.68	69.13502184
1694.43727	1	4	20	29	10.78	6.5	131.8749722
1636.524048	2	1	7	10	8.78	8.71	149.2886056
1443.655248	5	3	11	23	2.24	7.78	152.4369924
763.0748941	1	3	19	23	6.74	6.34	61.60976331
1073.43662	4	3	1	6	5.39	9.82	106.2025384
1685.23908	4	1	9	17	7.49	6.89	144.2256316
1256.686765	2	1	18	20	13.07	9.76	82.06668586
2127.731816	2	4	8	19	11.66	0.67	191.0382856
1357.327136	5	4	24	20	1.35	1.48	157.4563344
1276.819647	5	3	23	9	13.37	4.57	123.074196
1076.353414	2	1	7	24	7.13	3.91	85.41745915
1253.416362	2	2	23	14	11.18	7.85	97.59457099
1139.012065	4	3	23	3	2.19	1.69	125.1373111
1483.243471	2	4	23	15	10.09	9.76	120.891742
1582.680927	3	1	0	14	3.62	3.22	144.142435
885.6042158	1	4	5	14	6.63	4.35	92.27630079
667.5068186	2	4	11	11	0.35	2.82	89.05813372
465.5178508	5	1	24	7	2.36	5.84	60.85052062
1403.196531	3	3	23	7	1.47	0.68	146.9658196
758.6533575	5	1	18	17	3.67	1.58	95.9857795
338.8437628	3	3	26	29	1.59	7.48	34.31761794
1355.431442	2	4	16	5	10.41	1.95	130.2966851
2197.199807	1	1	1	4	0.53	2.43	206.3324431
1197.571635	5	2	10	1	9.3	7.95	121.3368302
1535.39631	3	3	17	11	2.2	1.02	132.696682
1232.731743	4	2	22	25	14.18	4.43	81.38623571
1160.444139	2	3	27	3	14	0.33	111.3796585
1567.630593	1	1	21	22	3.46	3.53	131.4996132
1083.890182	2	2	10	12	9.25	7.02	96.87256274
1306.956926	4	1	17	16	0.52	0.99	138.0334288
1328.679122	1	3	7	15	13.98	8.89	89.11179647
932.7638185	4	3	14	8	7.89	9.1	89.80498595
1596.81694	2	3	8	25	0.74	1.14	151.6759896
1130.016097	3	3	14	27	5.2	9.91	109.0919252
897.7019362	2	4	6	0	1.25	3.05	102.3073026
1414.603937	2	3	19	14	5.95	0.93	117.9615401
840.6128073	2	2	12	11	10.08	0.15	83.93266249
1211.272463	5	3	12	4	7.1	4.14	132.5811387
1196.352401	4	1	0	22	5.82	6.34	100.0697058
1634.358226	4	4	19	23	1.88	3.39	141.4443172
1389.879293	4	2	3	17	3.75	8.38	138.1988604
1189.989217	5	4	23	19	1.59	7.19	123.8646132
1527.10652	3	4	3	1	12.13	3.57	148.1235012
1756.08302	2	4	3	3	2.12	7.37	169.0422375
1423.124123	3	1	12	14	8.97	9.41	110.0886447
1204.141048	5	4	1	5	5.21	1.02	142.9419241
675.2655071	4	4	27	21	3.47	3.13	75.25536415
773.9545348	2	3	25	11	9.63	4.69	60.15454096
1077.910118	1	1	22	28	6.91	5.03	66.68202471
956.1951191	1	2	14	17	6.06	5.47	82.31524082
1125.211479	3	2	3	26	8.93	3.08	115.7779415
1222.65997	4	2	26	19	7.42	6.71	115.4510152
1411.877102	1	1	5	3	4.62	6.49	141.5457527
1171.800489	3	2	2	29	8.43	5.82	114.9602573
1394.600658	5	1	6	0	10.08	1.23	146.6509116
1225.789766	3	3	5	14	0.5	4.82	141.3520943
409.8133735	3	3	2	29	7.04	3.63	60.54678975
824.2658425	3	1	3	17	0.96	4.96	97.10822724
1142.364978	2	2	9	13	2.88	9.23	86.20589803
716.1221029	3	1	29	2	8.45	4.86	72.89432975
1439.971492	3	1	20	28	13.01	0.24	111.4567522
1812.300333	2	4	8	14	13.25	4.44	167.2433311
1687.504741	2	1	29	26	1.14	8.22	138.9838744
1114.622852	5	4	5	4	6.34	7.82	142.8289278
1796.290455	4	3	28	26	8.79	5.18	161.0268597
1259.466983	1	4	19	23	2.29	2.57	116.1738373
1065.165612	1	1	26	21	11.5	4.7	76.36677226
954.6389346	3	3	10	2	11.19	5.68	94.55296675
1079.012125	5	4	6	21	13.56	10	106.2364172
1044.729273	3	1	17	6	0.23	6.48	107.4575575
1268.166489	1	3	3	5	3.33	6.97	113.7326194
1264.229592	2	4	4	25	12.43	4.97	102.6901077
1201.218408	4	1	3	21	10.09	3.61	126.8116704
1374.775268	5	1	3	0	13.43	8.15	150.3211385
1676.25851	2	2	26	18	0.95	5	146.2527059
1579.821654	4	2	12	6	8.99	9.95	154.1274353
606.0408126	5	4	15	3	8.58	4.63	76.70517622
300	5	4	24	11	0.63	0.77	65.85970654
1573.727964	1	4	13	19	7.75	6.86	122.735097
653.2485206	2	1	10	22	9.18	0.56	67.99421977
1110.093839	5	4	28	24	2.95	2.58	128.0487374
731.9547896	5	1	1	29	4.17	3.6	85.92685613
479.207825	4	4	21	26	9.64	7.42	63.71519999
1416.585091	1	1	13	28	7.08	4.99	101.1427039
1503.662064	3	1	23	28	12.88	0.38	120.2887861
969.3958397	1	2	23	17	5.2	6.21	88.29599081
300	3	3	26	8	4.07	4.17	47.32432881
981.5022207	2	1	6	18	14.77	9.23	73.106429
1356.721602	2	4	25	21	13.68	5.05	106.5845056
608.4353725	5	2	10	3	0.53	7.12	100.1401377
1273.343968	2	4	3	0	11.58	2.27	132.5408248
1193.87606	5	4	6	8	1.74	7.63	147.6888643
1431.7166	1	1	28	26	0.51	7.24	124.7245327
1247.832147	2	1	15	14	4.18	9.05	97.63181294
810.7724236	1	3	25	21	4.11	0.43	73.29052349
1678.628601	1	1	5	7	12.31	4.53	128.3769632
1136.588171	2	1	26	14	10.69	6.82	91.07030476
1189.078184	1	3	5	14	14.73	1.04	109.1958917
826.6928164	2	4	1	17	10.7	4.16	63.73981698
1022.6871	2	3	23	6	6.33	9.43	91.8385737
846.0789144	2	3	7	21	10.51	4.42	71.09345306
1130.821576	3	3	29	17	14.99	9.86	81.94955945
1884.683392	1	2	26	15	10.68	0.66	157.9782539
651.2395428	4	4	6	1	11.45	7.21	75.67137023
554.5754408	2	2	26	3	14.08	5.85	63.40820352
1788.468131	1	2	24	19	1.79	5.06	150.6302165
1116.270529	5	1	23	15	10.6	9.71	108.9030639
932.3709045	2	3	13	2	12.78	1.38	92.29952605
1615.961875	2	3	8	23	14.32	8.97	102.6018246
957.7537841	4	2	14	29	3.24	6.94	79.3288468
1930.403885	3	1	24	22	7.61	2.66	169.0077155
1471.170349	3	1	21	1	10.24	9.03	134.061246
1004.835437	2	1	17	2	3.79	4.35	98.67213639
2062.923285	1	4	11	25	9.05	8.16	180.4471959
957.7140308	5	2	22	24	3.94	3.95	107.8288699
1496.838149	5	4	18	28	5.07	8.52	160.550007
1319.717032	1	1	12	4	6.68	6.4	88.8446911
1720.696516	2	1	6	1	7.98	1.5	171.7212015
1824.604479	5	1	24	18	6.8	6.53	160.5128286
1212.80166	3	3	9	23	7.45	1.99	114.2407691
898.6328519	1	2	29	19	4.55	4.18	91.45434719
1383.988857	4	3	9	29	2.47	1.79	114.6754596
928.9138521	2	4	1	1	0.81	0.32	107.0517708
2005.354899	1	3	13	1	3.02	2.2	193.6325455
1254.614132	5	2	12	21	8.77	5.41	114.8466327
1053.871379	2	3	21	23	11.81	4.87	97.87911777
1273.872122	3	1	28	22	2.62	5.06	123.481587
661.1494842	2	4	5	19	1.72	2.55	77.97962748
811.3543846	2	4	8	17	11.26	6.88	80.38134686
1680.165563	3	1	12	24	4.65	7.07	157.1235781
937.2422884	3	1	8	19	14.28	3.64	84.45639277
781.2356069	2	1	12	24	10.74	8.82	67.84613718
1414.661101	3	2	4	20	4.97	6.48	119.2119507
1674.281662	1	3	13	13	4.41	7.16	151.242471
1487.581324	3	4	4	27	7.9	2.85	140.6401558
1598.419074	3	3	8	14	1.28	0.11	169.4884588
897.2819646	2	1	7	11	1.85	8.67	73.5466008
631.2757333	1	1	6	10	2.72	8.24	69.38216162
1800.533461	4	3	7	10	11.64	1.32	159.2270374
1070.928064	4	4	21	29	7.76	3.8	129.2286781
1099.666793	5	2	2	6	0.26	6.65	116.4566238
1731.277657	3	3	22	11	10.14	6.56	142.9184746
1422.492004	3	1	23	15	6.41	8.62	121.8063087
1382.355109	1	1	14	4	7.71	1.49	131.6280576
2066.000938	4	2	7	1	3.29	4.36	201.8945518
942.5927078	5	3	0	21	8.32	1.06	119.8704351
1571.136051	1	2	6	15	14.69	3.96	120.3899184
1222.80525	3	2	18	22	1.19	0.25	116.2967505
1307.436912	4	4	1	29	4.33	8.99	117.362398
1811.387371	5	4	13	14	3.72	5.32	175.9279173
1403.134303	2	1	17	10	3.8	8.51	109.9106017
1415.318432	4	3	29	28	5.74	0.69	129.2972609
1629.002935	5	4	14	5	12.29	2.35	151.0874089
1054.018908	1	1	13	12	13.7	2.67	89.93521305
864.3161331	2	3	23	29	3.11	3.93	96.57123584
782.0763224	5	1	24	18	8.19	8.05	82.51450234
413.4573642	5	4	18	9	9.59	3.93	59.18559366
2022.482852	3	1	29	23	7.88	2.13	179.5813864
758.7166537	4	3	18	18	6.57	0.74	86.82873546
1111.498551	3	3	21	29	2.96	0.89	119.3043613
1089.27468	2	1	26	4	7.37	7.62	88.74769576
1322.962679	5	3	25	24	6.08	4.5	123.1809854
1526.294885	3	1	16	26	11.95	7.29	129.193182
1544.189395	4	3	21	20	11.48	6.85	138.0764828
966.7690246	2	1	27	6	2.1	1.44	107.938289
1133.151314	1	1	18	10	1.42	1.51	97.15486422
1313.03198	3	1	26	13	13.63	7.58	113.4590851
1100.52355	2	2	15	22	8.08	7.24	98.01875675
1842.93823	1	3	19	20	12.88	3.84	132.5358462
1396.389981	3	4	24	15	0.97	0.87	144.3169869
1493.951114	2	1	18	17	7.95	0.22	109.1381709
1465.152507	2	2	0	20	8.14	2.95	140.7827345
1669.389543	3	4	18	22	12.92	0.19	135.7191491
1272.408623	2	1	6	22	1.55	2.38	113.1397661
681.2672208	5	4	28	3	3.68	4.25	97.1363629
1359.875181	3	2	22	0	6.16	1.3	126.7366639
939.4572425	2	4	10	21	13	1.13	103.6446262
988.5533273	1	1	4	28	14.09	8.97	57.08331795
1434.545608	1	4	29	14	14.89	5.9	114.4777168
1695.313229	5	4	16	13	14.39	9.35	149.4820752
1208.508631	3	1	10	18	0.19	3.52	110.6567743
1323.533205	2	2	23	26	0.81	6.8	116.3808441
1880.885978	2	2	25	4	2.3	2.13	182.0374302
1296.301272	1	4	7	3	5.3	6.22	124.4694133
2240.673246	5	3	9	12	12.47	1.38	198.6005727
1426.203858	1	4	11	17	13.4	0.12	121.3573907
495.6948963	1	3	9	11	2.88	9.32	38.57353892
1501.336648	5	4	12	22	9.33	5.59	157.2715451
1352.463354	3	2	25	29	13.77	9.28	100.6894274
1715.901102	2	4	17	20	7.01	3.4	148.61547
1469.272541	3	4	9	14	1.64	3.35	128.4323146
1144.617606	4	3	18	29	6.92	4.07	104.4424375
710.2807055	4	2	19	22	5.7	7.09	91.13367857
1116.390697	4	3	16	8	8.71	5.7	120.4144667
859.7918183	5	4	19	3	6.64	9.26	114.9973167
967.7906201	1	1	15	4	0.36	0.35	98.87735756
1435.431362	3	4	4	8	14.91	7.11	103.0529371
1867.961802	2	4	2	12	8.2	3.37	168.5969649
1357.868612	4	3	29	9	7.16	1.88	140.0456187
721.6467752	3	1	26	26	14.32	5.15	65.38413343
1377.841067	4	1	14	15	2.42	5.1	133.3758823
1678.652595	4	3	25	29	2.92	1.46	151.4022975
956.0868383	2	2	1	12	12.14	2.1	84.24694207
1146.393133	5	1	12	3	3.99	4.14	121.688848
1205.875278	1	1	21	20	12.01	4.15	96.97446793
886.0406748	5	3	7	12	4.15	3.24	105.3415488
1459.312174	3	2	22	20	0.59	1.57	130.879585
1151.620741	5	2	26	7	7.8	0.14	130.8266574
1367.812978	3	4	29	12	3.03	9.71	126.6324632
845.0031289	3	4	16	14	11.39	9.44	78.22028386
1025.01668	1	3	3	19	9.65	4.89	81.37015399
1488.952543	2	2	18	19	13.86	9.95	118.3964331
1050.866739	1	3	21	12	11.77	6.77	73.81651023
1890.78554	5	4	24	22	2.79	0.78	188.6119257
1040.145526	3	3	8	26	12.02	1.27	104.5760327
1289.87389	4	3	22	4	9.66	9.17	127.2196254
1573.036333	4	1	14	21	10.07	6.34	129.5126104
632.6537068	3	1	27	21	12.5	8.45	47.69578186
495.6764752	1	1	8	27	8.65	8.99	34.53959588
589.7374742	2	4	23	5	7.04	4.53	75.20997295
1705.033641	1	3	20	29	9.59	0.58	153.9700588
979.2567416	3	1	8	25	4.54	1.96	75.56711351
2223.279714	3	1	13	4	2.82	0.76	207.5047548
974.3009605	2	1	22	12	9.29	1.97	89.07400325
1273.820521	5	4	20	28	3.58	4.16	131.6140499
1816.843981	5	4	15	4	1.29	1.27	196.3379142
2002.437155	2	3	23	24	0.11	1.75	178.3676131
2024.601431	5	3	22	12	9.16	4.51	180.3799773
1683.346492	4	3	24	23	5.5	3.47	159.9269786
1609.62501	5	1	25	19	11.31	4.73	151.4065458
1437.01078	5	2	16	22	5.69	4.35	139.1797235
1511.34443	5	4	12	7	7.34	6.48	166.0089799
979.5257135	4	1	8	27	6.17	9.38	85.58008581
872.7204466	5	1	14	8	9.79	1.17	100.7392945
1198.650217	4	3	6	20	5.41	1.08	106.7185852
1131.926151	2	3	0	18	14.46	8.54	113.7944037
1018.70878	1	1	0	28	14.05	5.11	67.27290923
1478.554979	2	4	4	19	12.74	7.69	119.4625345
1582.122083	1	4	23	14	13.81	2.23	130.5562543
1235.362755	2	1	8	25	6.79	8.31	90.04517951
1791.012032	1	2	11	21	8.09	9.25	129.9877971
743.3243543	1	2	5	9	11.16	6.39	62.87239163
1122.536216	3	4	27	10	10.47	1.15	114.4600548
913.2710718	1	3	12	4	13.37	8.96	79.08844253
453.3853532	1	2	25	8	10.77	7.95	38.64740582
1166.927726	3	2	27	28	14.97	7.53	90.53533802
1151.300997	5	3	7	10	5.29	0.46	117.3573196
1805.379897	5	2	14	26	12.51	8.01	151.1367023
1452.324674	3	1	5	29	10.49	1.47	122.5347198
790.3252703	4	2	26	18	10.4	2.3	75.51861004
1941.637027	1	3	5	1	4.95	5.81	176.1646486
1688.413478	1	1	3	5	11.81	2.72	137.8729831
1432.839081	3	2	10	28	13.52	6.65	113.6539242
1109.40636	3	4	20	22	3.36	6.12	112.8971964
816.2243053	4	1	29	20	9.42	1.17	85.90937538
1051.11729	5	1	17	0	5.94	6.59	121.7695951
1635.499448	2	4	2	2	14.84	9.25	161.4623814
1953.834522	5	4	2	2	7.23	1.69	205.9165808
1817.297411	1	2	29	27	3.5	6.01	134.0713537
1004.460231	3	2	11	13	5.79	3.48	89.28619712
752.1530267	4	3	26	19	9.84	4.65	76.39777422
1256.354499	5	3	20	29	1.23	2.94	123.5511897
492.6242538	4	1	29	25	9.09	3.61	55.01890891
1329.267086	5	4	20	21	13.98	0.39	135.7192904
1140.958965	1	4	5	4	12.77	9.82	93.26159135
1013.585399	2	3	20	16	1.11	6.29	112.6195839
562.1187731	4	1	27	14	14.9	5.06	68.58350197
1405.440043	4	1	5	5	10.51	3.9	114.084924
986.9196641	2	3	7	13	2.52	5.44	84.78879359
732.0332657	4	3	14	13	0.28	3.86	103.6110628
300	4	3	17	24	2.65	3.66	58.59028985
1188.994038	5	2	19	26	12.59	4.69	114.2860412
1908.900639	5	1	28	16	0.42	2.83	185.0534485
1864.503686	2	1	15	7	3.57	1.88	166.8411267
1017.161497	1	1	5	7	11.38	5.61	88.09491412
959.1151759	4	3	27	18	8.83	8.44	96.14598049
1387.509702	1	3	20	28	11.76	1.61	123.6780033
800.6458243	2	3	16	8	11.22	0.42	73.43922646
1320.71676	2	3	8	10	0.85	2.54	131.7852954
1506.432111	5	4	18	12	13.4	9.8	151.4979221
1690.77329	4	3	17	12	3.48	8.3	164.090045
1159.938369	3	2	24	26	8.35	6	107.7066629
1118.5305	2	4	22	23	9.7	9.3	102.4886581
848.8069653	4	4	4	18	2.61	4.51	94.9161474
869.2478584	1	3	27	25	14.65	9.83	50.38915137
1109.408443	5	1	5	20	7.37	3.03	103.0068451
1346.946203	1	3	11	18	0.96	2.48	113.7820318
1565.43385	2	1	10	4	14.07	6.42	110.6548606
878.7284197	2	3	15	15	8.84	3.84	94.03588722
1797.075428	1	3	19	8	10.52	6.3	132.2418041
1091.55056	2	1	16	27	7.93	3.12	108.426647
1191.453082	4	1	19	19	12.54	6.22	98.51437326
901.1153283	2	1	8	21	0.59	2.83	83.83367311
300	5	1	0	2	4.1	0.6	45.45106501
1553.618159	4	2	25	18	7.1	9.13	144.3111212
1494.737559	3	1	2	4	1.24	8.84	139.410082
1087.468977	2	3	20	7	10.62	9.71	97.59649453
1226.796287	2	3	22	13	5.97	7.19	104.8564674
1406.375687	5	2	8	23	4.16	6.86	141.3382127
574.9816572	5	1	21	2	0.15	5.63	75.07535851
988.3789291	1	3	18	23	10.83	1.35	83.28197662
1517.705872	1	2	12	12	12.52	1.97	129.4362869
698.2842307	1	3	22	10	5.99	2.97	84.81182892
1317.423173	5	2	13	28	8.51	8.91	128.1128633
657.3672782	1	2	19	7	3.49	1.81	70.35217346
1386.571993	1	4	18	18	9.37	9.24	115.2100792
1185.743407	3	4	29	9	0.28	5.28	130.9335931
553.9472736	1	1	22	28	7.38	7.18	46.38290305
1665.895742	2	4	26	25	9.7	1.19	137.7365415
906.1633693	5	2	26	17	13.78	2.76	100.2811629
875.8990252	4	3	6	25	5.78	9.59	77.59397973
1280.227679	3	3	3	17	11.5	2.73	121.4973449
1659.45494	5	1	11	24	9.01	3.04	155.9266665
793.6712724	5	4	22	6	13.91	2.06	87.43805091
1224.67194	2	1	26	15	6.04	1.38	94.69794911
1371.5266	1	2	13	5	4.85	2.41	122.8284377
1477.242243	2	4	1	15	13.32	6.46	100.2286711
1270.576622	1	1	0	15	0.83	4.61	110.6784867
1053.188864	1	3	27	22	2.13	5.58	82.75270331
868.9639117	5	3	17	23	1.33	1.31	135.5056297
1234.457553	1	1	19	27	12.66	8.04	97.21955652
771.1443952	3	1	7	0	0.26	7.86	88.8135469
300	3	1	2	23	12.94	0.31	43.04810058
1374.623922	3	2	25	18	6.82	3.9	132.7162648
1561.573936	5	2	5	2	0.16	0.78	157.4745165
300	2	3	21	5	6.08	7.94	35.59764198
796.1077181	4	2	12	3	2.88	7.4	104.1072875
1447.661704	1	2	8	3	9.4	9.03	112.203562
2022.998188	4	4	8	3	10.22	2.44	197.0770356
1208.317483	2	2	19	9	7.36	4.62	117.3849786
908.7988235	2	4	8	8	0.7	1.93	100.7134725
1126.841424	5	2	14	7	9.88	3.78	119.2906128
1749.950568	3	3	12	18	12.65	5.27	158.9179847
941.6143284	3	1	21	16	10.83	0.63	94.67004259
880.3231973	2	3	15	16	12.47	7.18	80.19962906
1006.902591	5	2	1	0	3.09	5.48	118.3306638
818.6685567	5	1	25	19	13.34	8.31	82.21104225
1249.068126	1	1	13	13	4.9	2.79	88.09808726
1849.871383	3	1	26	21	0.3	9.04	177.653507
1329.231709	2	4	5	19	12.67	9.99	109.3169635
1099.058599	4	3	1	26	14.13	9.2	87.25901445
1083.275492	3	4	7	10	9.87	7.8	111.5726786
574.7236765	1	1	3	2	3.55	8.14	62.9201903
1553.243911	5	3	20	23	3.85	5.78	142.751247
1168.865121	2	3	23	29	7.05	1.98	103.6406075
1127.808035	3	2	13	7	13.48	6.8	101.4819935
2477.243027	4	4	10	21	2.33	7.16	225.8762729
1319.501163	1	4	23	24	12.41	9.86	119.0202911
899.28358	1	2	27	27	4.44	5.46	74.54513303
1029.456962	3	4	13	9	12.15	2.79	101.7455096
1659.378284	4	1	11	16	13.81	6.87	133.878585
1245.308164	1	1	15	28	6.47	9.8	84.77225793
624.6888087	2	4	5	7	5.54	1.85	79.26753051
1567.691574	1	2	19	21	12.05	3.33	119.093125
932.7423658	4	3	0	0	7.99	5.46	102.7840955
1949.31911	5	4	11	19	10.3	1.79	186.6352137
1632.019226	5	3	6	20	9.38	0.32	158.6864326
1021.071242	3	2	7	6	2.38	3.44	110.4273099
1712.406545	4	3	8	23	12.69	8.67	148.6416919
1227.142204	1	2	1	8	3.02	0.53	122.3693815
1541.10947	1	2	16	27	13.99	4.35	141.9310654
1393.893127	5	1	19	11	3.83	7.65	150.5885571
861.457338	5	1	12	21	11.03	9.54	76.925686
942.5800671	2	2	4	25	4.34	9.86	92.96547342
1611.984327	5	4	9	8	4.84	4.28	157.1888382
1066.089867	2	1	11	19	4.72	9.51	84.85261368
1038.540615	1	2	16	23	11.24	0.45	90.80407839
817.9509683	2	3	20	2	8.4	7.48	89.13074154
1369.439626	2	3	5	3	13.26	6.46	126.9905303
2025.009968	3	4	2	9	4.68	2.57	185.9258186
772.9868343	5	3	27	3	10.41	5.12	86.91650898
1209.687783	2	3	14	21	11.32	1.38	106.898537
1764.888222	1	2	6	8	2.36	8.73	150.8521605
1168.143444	4	3	29	21	6.07	3.64	125.637233
1380.948718	2	3	5	0	7.29	6.3	127.9145573
775.0425887	5	3	3	4	5.4	1.67	98.11927914
1371.322839	3	3	18	8	4.9	2.14	120.8554144
1125.142294	1	2	4	4	10.33	9.92	102.4326859
1594.291998	3	3	2	5	3.32	7.56	157.2351336
1674.954421	4	4	25	18	10.67	9.62	128.6363283
2235.825457	2	1	24	7	14.03	3.03	188.5562231
1431.853269	2	4	8	9	8.52	1.73	131.4284925
1330.318527	5	1	5	10	9.21	5.08	137.0689129
1277.753721	2	4	12	12	1.13	5	126.8131989
1058.733483	1	1	26	19	12.98	1.83	73.11493467
1335.393537	4	1	21	3	4.35	7.36	149.5139556
1081.839436	3	1	27	10	9.26	3.68	116.2108347
1267.384391	4	1	29	11	14.69	1.95	112.8459553
1727.039014	2	2	19	4	8.97	3.39	157.4135075
797.3829739	3	4	3	29	10.9	5.68	69.07437681
1655.951424	5	1	1	9	6.74	7.29	139.9912227
1726.846027	4	4	25	24	1	4.87	181.228659
1152.772589	3	3	3	28	11.98	5.3	90.62839215
351.2580404	3	1	7	23	0.62	1.48	60.40805054
956.8712052	3	4	12	6	10.54	9.16	102.5459782
1718.797819	1	2	9	20	0.44	9.29	148.4154206
1190.852775	4	4	17	8	12.95	6.87	116.8230559
800.2791071	3	1	8	8	2.45	0.27	96.8807424
998.0900315	4	3	29	9	7.76	5.42	96.39511268
1536.248011	3	4	0	9	9	6.33	157.8800098
1418.693427	5	3	12	1	6.92	9.95	147.1635513
1104.42716	5	2	17	3	5.18	9.96	133.620418
1053.270235	5	4	14	7	7.07	8.59	116.1825151
1043.29674	2	4	1	28	4.74	0.73	101.6167782
831.0359262	3	2	10	13	6.63	9.54	83.03379928
1846.150276	2	2	28	16	5.45	6.17	164.9760566
1071.071812	4	2	13	12	8.54	8.03	122.1224773
1686.863408	2	1	21	20	3.65	4.13	140.8843835
1808.526421	4	1	14	23	14.83	3.26	149.4990946
1599.324359	4	4	13	17	7.56	4.69	153.4295978
1027.351875	4	4	15	17	2.99	1.55	92.70569662
1361.492036	2	4	22	12	7.21	3.63	122.8142942
1190.321757	3	3	28	7	13.01	8.59	103.3432664
838.5192557	2	2	14	25	0.42	0.48	111.0745672
1329.743713	3	4	18	11	10.23	1.59	131.9162039
728.3840835	3	2	26	24	8.26	1.34	76.22154987
1675.071755	4	1	8	22	2.63	4.09	139.8910852
1014.153081	2	2	4	23	12.28	9.97	77.2929677
1280.463862	3	3	4	20	5.6	1.82	132.6220954
1313.315149	5	3	10	0	4.48	1.54	172.6236774
1096.438011	3	2	27	19	12.44	9.16	85.11606105
1434.677521	5	3	19	17	9.61	8.83	118.5224087
1010.038537	2	3	24	2	13.48	0.42	89.53740714
1548.518919	2	1	23	11	9.49	7.54	121.2482521
661.6081279	2	4	27	18	11.14	6.59	54.66887792
1250.551832	3	3	3	24	12.56	7.7	114.8872172
1975.5716	1	4	19	12	0.92	5	182.3695684
799.8674702	3	2	17	9	11.66	9.91	62.28521004
928.9020118	3	2	24	14	9.24	0.53	105.9621942
1405.56314	4	3	2	19	1.14	2.42	162.5714126
1271.832713	4	2	3	1	7.68	4.03	112.7565293
6701.260199	3	1	13	18	1.33	4.55	137.760643
1395.674852	5	3	6	2	11.07	9.22	137.2928074
1453.888587	4	3	25	13	8.24	5.64	129.9909537
1643.879937	3	3	7	6	14.31	0.55	135.346445
1363.927463	1	2	23	7	2.83	4.14	120.3783475
1103.496938	5	2	15	28	9.13	4.22	100.7292005
1469.02948	2	3	19	10	3.25	9.66	136.3692947
1959.952774	3	4	14	28	9.25	6.03	190.3326487
1146.946501	3	2	6	21	10.87	6.39	94.02050685
810.1882781	5	2	25	19	10.86	7.16	68.48941982
1642.832268	4	3	16	5	12.24	7.72	148.7607957
1151.847534	4	4	21	28	12.82	6.39	115.0718727
330.9321816	4	3	21	10	1.25	2.45	59.53775995
1538.968671	2	2	21	16	5.21	8.75	139.3802661
985.8687256	5	3	11	28	10.34	7.35	97.28145846
1163.786687	5	3	17	9	7.53	7.44	123.2265838
1332.792132	4	3	23	23	2.94	9.97	143.4916281
1276.199872	4	4	13	16	8.34	8.05	114.9666797
1483.780727	1	3	14	20	6.17	8.31	113.2438624
1025.805452	1	2	14	1	5.91	9.52	83.76850147
1405.242319	3	3	4	5	12.17	1.6	136.4886081
1096.181329	3	4	15	24	6.17	5.03	106.8008238
1495.524192	5	1	4	4	0.49	5.85	162.4752357
1446.146994	5	4	1	3	0.97	3.36	161.5792876
825.8245192	2	3	19	29	12.86	8.41	61.44993391
1634.392846	2	1	27	1	14.41	7.65	138.1309932
985.614622	1	3	24	11	10.36	7.24	101.089752
1523.223119	3	4	8	2	5.53	9.97	136.6229331
1346.914925	1	1	21	5	14.09	2.67	100.0076309
1935.273471	1	1	26	23	9.98	7.38	148.8528512
1110.613607	3	3	8	13	12.68	5.56	122.0098252
1060.273282	2	3	3	7	11.51	3.2	88.23337099
1192.232158	3	4	14	20	5.75	1.69	119.0266195
1078.728087	4	3	10	20	7.23	8.97	95.67222679
1519.976761	4	1	0	25	2.87	6	142.8359287
553.4757566	4	2	17	13	4.45	8.27	46.17943781
778.5270323	5	2	28	28	11.69	5.5	65.49244537
772.8788314	2	4	0	2	13.42	2.28	92.68574853
1580.123037	2	3	7	15	10.89	3.44	137.1830563
1884.245349	5	4	24	14	7.03	3.88	176.746185
1158.220313	1	2	15	6	1.39	9.73	105.7475146
1132.471311	4	2	25	14	0.95	0.16	122.6967523
1228.020865	4	3	27	12	5.68	9.86	127.1457499
1664.751321	1	1	21	5	7.01	9.81	116.662258
829.0587463	3	3	17	14	9.18	9.96	68.97402654
1295.347593	3	2	21	16	0.2	4.82	117.9830651
1590.079052	2	1	8	3	14.85	9.64	134.4685366
7002.18834	5	4	11	21	5.52	4.02	143.6319098
1275.832647	2	2	18	26	12.74	0.36	118.8966107
1600.418437	3	4	24	21	8.07	2.32	156.2848898
300	1	1	17	26	2.04	9.46	20.52495278
1471.150128	2	4	26	13	11.98	0.24	133.12855
938.3697267	4	2	4	14	10.68	5.51	104.7844246
467.7468413	4	3	26	27	7.96	0.85	72.01989581
1404.48104	1	4	1	11	7.77	2.94	126.2256882
1749.463418	3	2	6	18	1.4	0.97	154.6507021
1145.020594	4	2	26	21	9.87	8.61	82.36101213
1581.149819	4	1	9	27	13.68	5.95	108.8049571
1844.911303	5	2	14	9	1.49	9.03	184.8017302
1725.965781	2	3	24	5	4.03	6.91	163.7331635
1855.985812	3	3	6	27	13.54	9.71	143.2089001
1496.850996	2	4	27	24	4.34	5.15	148.4349492
1230.173456	3	4	4	8	9.84	6.42	117.4004498
559.2136752	4	4	14	1	8.07	5.81	71.02112055
1101.575005	5	4	19	3	8.99	4.89	135.6376189
862.7013619	2	3	27	8	6.3	8.47	95.06571453
2068.377087	4	1	19	14	4.57	6.48	185.2862081
1129.645675	3	4	14	29	0.82	8.03	115.6389636
1249.281923	2	1	9	12	11.19	7.89	108.6396911
1420.59415	2	2	23	19	11.22	1.99	141.8442008
1217.440979	4	2	25	7	10.09	6.54	116.245074
1878.020416	2	4	28	25	9.69	2.08	149.6509165
950.9402553	5	2	25	27	3.73	5.87	105.6580043
1277.842982	5	1	13	18	0.43	6.81	130.8855893
903.0117657	4	1	25	18	12.15	9.97	79.80812486
671.9909955	3	2	25	24	7.42	0.4	68.22305005
955.2923636	4	4	9	15	4.67	1	93.60614302
1185.185281	5	1	16	10	1.62	0.86	132.7966132
1028.27911	1	1	20	9	1.03	4.04	92.70276694
923.0316081	1	3	13	7	5.3	8.23	83.30784842
637.4730145	2	4	1	0	12.09	8.46	62.74006994
1166.757771	2	3	15	9	13.79	7.4	99.98060975
598.1118504	1	2	12	29	13.46	8.98	38.61744728
1504.022385	5	2	26	17	13.81	3.3	138.3167357
1232.975901	2	3	8	2	13.63	0.97	126.0542233
616.9794002	4	4	6	29	7.96	0.68	79.32403001
1076.316369	4	1	15	10	3.37	8.54	107.4983092
899.1374378	5	2	9	17	11.99	7.33	78.8252361
1327.669804	2	4	23	2	3.28	7.02	138.4668658
1736.180178	4	4	21	7	4.08	3.46	171.5813586
449.9310121	2	2	8	26	3.58	3.86	44.90303009
1246.010432	2	2	21	26	7.77	9.59	87.49798392
1135.946882	4	4	22	27	4.9	0.73	122.0474587
1468.536031	1	1	6	13	2.4	7.76	150.8287399
1285.278651	4	3	15	5	6.85	3.17	128.5034258
899.2122673	5	2	8	14	13.12	0.49	101.0270048
1072.378426	3	3	26	13	8.6	7.45	114.4688649
881.5896573	4	4	23	6	13.19	3.38	90.76540158
1630.402855	2	3	28	9	3.02	7.25	126.2563369
1208.524659	2	1	16	14	2.59	7.11	115.8410877
1960.476274	4	4	19	28	8.68	5.39	175.9032167
1175.735674	3	1	6	9	7	7.8	111.0321958
916.6372932	4	4	10	21	9.94	5.85	93.77193944
594.514243	3	1	7	16	11.94	2.94	67.47917306
478.7441295	3	4	6	26	11.29	7.37	46.8802981
566.3456228	5	1	27	18	14.14	5.93	79.30449387
1306.85066	2	4	18	28	6.03	0.23	127.1085454
1403.490009	2	1	19	16	3.18	9.03	131.3540537
567.5237192	3	4	11	11	8.31	5.5	67.59559289
1558.015326	2	1	6	14	1.75	8.7	139.6896811
1006.775579	1	2	7	25	4.4	8.84	64.7936918
1258.717205	3	3	6	11	3.2	4.51	120.9795237
1844.888251	2	4	5	24	6.01	5.13	172.0515997
1558.735726	1	1	24	28	1.76	4.22	127.5421151
1092.587741	5	2	8	8	0.57	4.55	113.8342362
843.5231098	2	4	26	4	9.89	8.96	76.60376304
339.2738395	1	4	12	3	9.19	7.9	33.37108246
912.3386723	4	4	6	11	10.65	1.35	100.2378642
1115.547904	4	3	7	15	9.94	6.14	100.5617827
805.1281891	1	1	21	8	1.8	9.96	87.51287122
1147.497213	3	1	16	24	4.44	6	104.7538281
1230.740753	3	4	16	2	2.03	7.88	116.7641134
1110.057607	2	4	15	20	12.66	7.71	109.8060156
939.9989677	4	4	21	2	11.23	3.57	104.4100863
1267.461869	3	2	1	25	3.1	3.78	123.2128802
1376.77626	3	4	29	17	5.19	7.27	134.6655139
763.840369	4	3	7	16	14.5	5.05	79.84144983
1764.372952	5	1	16	27	8.95	5.75	151.8747459
1160.564747	3	3	12	9	12.04	7.16	110.4768087
1207.539849	1	4	17	1	4.04	7.8	115.5228218
1483.285769	2	2	23	23	3.23	2.79	135.6759093
1293.286453	3	4	27	10	11.78	1.55	123.2296449
1581.254654	3	4	21	23	10.32	2.99	139.3239554
1314.849666	5	4	27	2	10.25	5.12	125.1716452
955.0250501	1	4	9	22	8.33	3.49	84.56195967
1344.60141	2	4	1	22	8.5	5.73	121.0302495
742.5095171	3	1	1	1	11.06	0.63	96.61350192
1243.423882	2	3	26	8	4.12	5.15	125.2035707
1186.708004	4	2	13	18	5.36	3.74	110.2658179
1116.753257	3	4	15	1	13.09	5.39	100.6734843
1148.584995	3	2	6	27	4.7	4.28	107.9971784
447.2603818	4	1	20	18	8.24	2.91	45.11535395
980.5100369	5	3	20	1	10.57	9.05	101.3320347
1237.13796	3	4	23	14	15	1.93	106.9457757
1263.942557	2	1	11	23	6.59	6.85	100.9415367
788.9299436	1	1	27	20	6.48	9.25	68.29961881
1706.283136	2	3	22	2	12.65	5.43	130.080273
853.5300607	5	4	27	4	12.1	8.78	109.6849041
1587.78288	1	3	13	10	10.99	1.34	134.7212686
1370.877745	2	3	24	26	7	4.99	111.9373961
941.5090761	2	2	3	23	4.93	4.62	94.08632864
1910.124357	4	2	25	6	9.17	0.18	177.5994475
722.5452673	5	3	3	5	13.16	4.49	74.45105958
1567.661669	4	2	17	13	13.27	3.75	125.7705978
1600.232927	1	1	2	28	1.72	6.73	136.5250815
931.7519164	4	3	0	0	6.48	9.39	110.8495279
1756.98612	5	4	16	25	7.02	0.95	166.7444047
1099.981394	3	4	6	16	14.67	3.34	114.9357601
1315.477452	3	1	29	16	10.2	4.5	114.7565056
1304.128736	1	4	15	13	6.17	4.61	132.0183477
1146.276503	3	4	29	9	0.49	7.77	112.824444
1524.323309	4	3	4	29	8.52	4.49	126.8319033
1517.395488	1	1	18	7	1.53	0.37	133.623146
500.5872107	5	3	6	7	12.53	7.13	60.81133317
1721.736097	1	1	13	13	11.31	8.86	145.0897564
535.0032048	1	3	1	6	6.96	5.19	59.22968728
1613.018482	2	3	2	5	6.5	5.85	140.4690517
1650.682055	2	2	16	3	13.47	1.71	144.1341535
763.6134279	1	4	15	0	4.4	2.28	81.70455639
1035.674285	3	1	7	14	3.81	2.43	94.30036164
757.7181326	2	4	17	24	14.09	4.36	64.42403296
1114.031588	5	2	14	14	12.16	9.29	104.1899659
1076.786286	4	1	6	0	12.33	5.27	97.47411673
1511.864213	2	2	26	19	3.01	2	129.4734968
1724.123498	1	4	8	2	2.24	2.73	172.2038456
1758.273524	3	3	5	22	0.49	3.9	169.1880405
975.1327894	4	2	17	4	3.63	6.27	117.0753104
1116.311251	2	2	17	4	11.64	4.46	97.93138241
526.6247231	3	3	24	3	3.68	3.99	61.14462065
877.6519734	3	4	25	16	10.96	5.69	80.7691365
1585.940653	3	2	23	20	3.85	2.49	156.5363923
1846.233129	1	4	13	19	5.99	0.88	146.3026064
706.2604512	5	3	13	13	14.75	0.34	95.47594495
963.0142963	3	1	13	25	3.75	2.59	79.86754727
1189.437697	4	2	24	28	5.71	1.01	122.2917809
1312.064464	2	4	3	7	4.59	3.43	120.0085716
876.158592	4	3	3	1	1.73	7.75	99.36500686
1369.624418	1	3	14	7	7.4	7.19	99.8631831
1010.464261	1	2	14	0	5.74	6.15	113.5671265
1194.219092	4	1	17	28	10.45	8.54	105.9138348
1418.513699	5	2	13	3	12.28	2.89	147.2700811
1202.568908	1	4	25	18	8.21	8.86	97.33683441
1025.445644	1	3	0	4	0.58	4.05	95.792108
1156.156078	4	1	9	28	9.32	4.07	109.8177923
1164.654816	1	4	28	4	0.93	4.11	106.7371394
1051.995588	5	2	19	20	9.28	1.07	106.4963784
1096.481575	5	3	9	27	10.31	9.76	90.53122483
1839.458868	5	2	9	19	3.05	1.47	180.0601939
1424.367779	2	1	26	23	12.31	3.47	93.73229469
1081.807873	5	1	23	18	13.68	3.26	86.71484209
1478.781762	5	1	1	11	12.21	0.84	131.8803464
1066.472204	2	1	28	19	4.65	1.61	103.0973071
1669.249855	3	1	27	0	8.84	0.54	150.1868113
1347.856877	1	2	26	6	13.73	2.99	121.7965334
1157.079142	5	1	7	16	4.88	8.68	129.7733142
1379.08677	1	1	0	1	12.32	3.46	112.1885103
571.6495392	4	3	0	10	0.24	1.32	68.60348893
749.2930124	1	1	3	6	0.15	6.49	84.22824056
722.4299974	2	3	6	16	11.42	9.97	46.69873808
1257.177238	1	3	8	26	11.45	2.4	91.88154198
1893.006	1	3	15	2	11.86	2.87	145.9018373
2092.520058	1	2	4	28	13.96	9.72	164.5052519
1455.220441	3	2	1	21	1.86	1.87	143.9104921
1400.33779	3	4	27	5	3.56	5.16	159.3098804
479.5769063	4	4	22	21	13.57	2.47	52.19359641
982.9304801	2	3	10	10	2.74	9.33	88.64268682
884.8864992	1	2	17	28	10.27	9.82	57.3628136
951.6609607	1	1	24	17	8	8.17	61.16916911
1132.742473	1	4	24	17	1.34	3.22	124.2219156
1011.163769	1	2	18	21	4.35	4.09	121.6674406
408.2800758	3	1	12	9	7.85	2.5	42.50428809
1499.164102	4	1	23	4	12.8	8.92	139.364109
770.9027897	5	2	10	29	10.64	9.15	71.52933192
1295.698746	2	4	19	22	9.37	4.25	119.4293039
2029.633068	1	2	18	22	7.49	6.6	173.6996323
832.2461634	4	4	16	20	4.55	1.74	85.29677938
300	5	3	4	23	1.88	4.41	50.93009448
1085.598311	4	2	12	25	6.2	6.35	114.8594205
1640.383854	3	2	29	21	0.52	3.92	158.0590573
1983.338982	5	4	26	14	3.24	3.64	200.140316
708.1801622	4	4	19	20	6.54	0.11	90.81525138
1398.679689	3	2	0	19	6.34	8.06	130.4172902
1013.875817	4	1	9	22	0.76	8.9	111.6556996
1157.620658	4	1	7	3	8.88	9.7	118.231389
2257.737339	5	1	23	20	8.29	7.22	197.3877203
598.8118686	3	3	28	20	1.26	5.53	74.49931333
1301.495865	1	3	7	0	14.15	2.77	113.2493792
1387.077269	2	4	18	14	1.58	9.99	123.6167445
1634.31453	5	3	5	16	12.84	5.94	151.0688879
1239.193261	3	1	11	18	0.1	6.84	116.4053554
1323.220216	4	2	27	13	13.25	6.86	101.9886977
1043.340573	3	3	6	26	0.39	8.47	109.9725954
1307.650776	2	3	15	18	11.39	0.2	125.2286966
1062.72309	2	1	8	17	5.49	2.28	101.5439362
1448.628756	1	3	20	27	11.1	6.69	121.5653587
1052.155866	1	4	24	1	6.09	8.96	99.43737789
1350.840158	2	2	21	5	1.16	6.88	124.5304715
1188.294875	5	1	9	12	11.54	4.19	124.3526437
1650.4201	5	4	9	16	1.16	3.68	161.1097736
1179.442511	4	1	9	5	13.84	7.41	96.38499659
490.7870127	1	4	19	20	0.86	7.44	58.76034829
1704.7686	4	2	28	21	7.24	6.11	157.51312
837.7070797	1	2	15	4	10.87	2.99	84.88129097
938.4934645	2	4	0	6	5.96	9.26	77.41505366
961.7354824	5	4	16	0	3.34	5.56	119.5054162
1749.775237	5	4	29	12	11.41	7.93	154.6423518
345.7303144	2	4	25	18	11.79	2.22	48.28736728
2455.099413	4	4	20	21	13.85	3.51	226.8174436
1622.422724	4	4	28	0	5.7	8.76	167.9907747
1289.295566	3	2	13	12	7.64	0.6	117.9171667
1178.0424	1	4	18	10	5.51	5.17	103.0095405
1314.22163	4	3	20	26	3.93	4.87	123.4074444
1408.448971	2	2	20	6	11.29	7.54	112.6846738
1458.086234	4	1	16	19	5.16	2.89	135.0504873
1422.241786	5	2	13	2	6.48	2.27	141.6786887
1235.832273	1	1	7	25	6.11	9.27	80.8020907
1121.064632	3	1	20	24	10.72	5.76	97.01963483
1139.490687	1	3	20	0	13.78	1.14	107.2894951
1122.036688	5	4	8	7	10.03	2.01	141.613135
1653.508039	5	4	7	16	7.13	9.99	155.4007056
1437.422689	5	2	12	12	11.71	2.04	120.4077685
300	5	4	16	13	9.65	6.14	61.16101423
1462.360311	2	3	18	4	1	4.26	153.6583874
1277.894478	3	2	27	25	1.53	8.87	128.2195746
1192.516497	5	2	6	23	0.66	7.58	137.7585632
1044.592619	5	2	16	21	6.91	6.01	120.8227168
1649.645088	4	4	0	22	12.41	0.21	143.1438426
1579.010585	3	4	4	26	4.76	8.81	158.0416223
890.8489329	1	4	24	23	5.82	4.5	77.90356158
1362.820915	3	2	5	28	13.65	9.32	115.1740415
811.3373062	3	2	25	5	12.57	5.01	81.9099117
648.1527341	3	1	1	26	10.01	6.97	44.53672768
949.3131102	5	1	26	21	4.08	0.79	114.5206323
1544.957389	5	4	24	26	1.84	7.48	149.843576
1581.250018	2	2	15	5	0.34	3.45	170.4197457
1405.234168	1	4	21	20	1.69	3.58	121.8943015
1490.038315	4	4	4	7	4.46	1.27	146.2905538
1406.471315	3	1	4	12	8.32	1.55	121.6649991
943.4073619	1	3	11	17	1.05	1.94	108.1126017
1372.769018	1	4	2	22	2.13	3.35	109.9135221
1520.16381	2	3	29	3	2.8	8.93	152.7397695
1501.716532	4	3	15	16	9.52	3.75	160.0369276
1675.565349	3	2	5	28	9.28	7.27	137.3994107
1483.321539	4	2	14	4	8.31	0.92	143.0268593
1340.579283	2	4	14	2	3.83	5.95	134.6893022
1628.060095	5	1	28	3	5.63	4.87	149.868716
1189.391496	1	1	15	22	1.54	9.78	123.961962
847.2501395	3	4	19	4	3.47	8.48	103.5301155
1134.773214	5	4	12	13	13.48	4.6	104.2206976
902.0389421	2	1	11	14	14.7	7.77	61.23523967
929.92869	4	3	9	19	9.75	2.01	97.3776331
1142.192532	1	4	13	16	13.76	5.67	81.38316748
883.0320316	3	3	1	5	9.68	0.84	79.8113516
1076.815388	5	4	28	26	0.59	3.55	124.5349119
442.5541332	5	4	2	9	14.95	2.34	73.15231405
1285.317483	1	3	8	21	1.57	7.22	122.8176183
1200.48219	4	3	10	22	10.27	4.95	112.1571995
873.1645476	2	1	10	15	3.87	7.54	76.93206973
1463.698267	4	4	24	16	5.94	5.2	145.3245633
1575.028055	4	2	21	13	9.72	0.96	157.9915148
556.9760543	4	2	9	19	6.6	7.38	49.6664042
894.9100886	1	4	25	11	3.83	8.35	79.04263066
892.3430601	1	4	13	8	5.08	9.04	82.28178507
824.0387596	2	4	8	14	5.19	5.76	82.66470731
1531.789937	4	3	19	11	14.39	7.56	137.1824858
1122.469544	1	2	26	13	12	7.55	88.6085367
1094.194063	2	2	20	25	6.93	1.64	103.1477722
398.4550542	2	2	9	21	3.08	1.73	29.66824212
1454.167212	4	4	21	17	12.18	0.8	123.5629764
704.2966421	3	3	28	19	2.44	3.27	73.64778768
1223.973052	4	4	8	5	3.24	4.79	143.3337377
1310.950775	3	1	28	3	5.55	9.98	115.2125642
1744.263438	2	1	4	25	13.22	4.37	135.2702527
676.4718404	1	2	7	22	2.06	7.29	62.09515146
300	5	4	10	11	1.92	6.96	65.78896755
1273.539818	2	1	0	12	7.46	2.12	128.8809366
1920.204473	1	1	20	18	4.22	0.68	168.9547996
1695.578541	2	4	9	21	8.57	5.51	157.4289147
1283.863766	4	3	0	12	6.83	7.03	125.6211375
1003.345526	3	4	25	11	6.58	9.98	115.6226806
1522.849039	2	4	29	19	1.77	3.65	144.9999997
810.5815201	1	3	21	2	2.2	8.97	63.47731965
1390.543108	4	2	6	27	12.33	3.88	145.4273152
1402.188064	5	2	27	2	13.3	6.93	136.1328711
1624.083963	4	2	13	13	3.6	6.02	160.5884421
2303.864016	3	3	4	17	1.79	0.62	201.4790266
1356.966387	4	1	16	26	0.9	0.88	153.7445054
996.4145497	5	3	21	18	9.16	0.31	100.5406248
1189.770275	1	4	25	28	10.76	3.77	93.40115391
492.369638	2	3	20	27	5.65	7.48	31.83462537
922.1147476	3	1	5	29	10.23	1.81	82.19095677
1036.287025	5	1	15	9	10.72	6.1	100.8438082
990.3646408	3	4	10	16	14.04	2.96	78.57722938
1260.941949	4	2	9	14	1.07	7.99	126.5236466
871.032027	3	1	14	18	2.97	8	84.66651176
1648.412267	5	1	6	8	1.12	7.78	160.8302213
1200.082826	2	1	22	3	13.03	5.3	84.42174632
1196.279872	2	4	1	14	11.91	2.92	111.9823478
1068.842113	3	1	11	18	8.66	8.11	79.95096611
1262.076274	1	2	18	15	1.35	1.94	125.186272
1530.039306	3	4	11	7	4.17	2.97	147.9690346
853.1479137	4	2	15	16	4.54	1.92	103.544022
936.7534044	2	1	5	20	8.46	6.77	77.51310095
1078.509588	2	1	2	0	3.94	6.89	104.6947153
661.6516306	2	2	1	6	1.19	6.56	87.01910434
872.2968561	1	4	19	20	10.99	4.21	67.07509225
1009.511651	1	4	4	17	4.56	1.09	86.95919272
1549.755672	5	2	10	11	6.84	9.12	154.5334712
1305.024532	3	1	25	15	2	5.13	110.2574741
1277.435965	3	3	24	29	12.06	4.13	100.9310899
1540.359185	4	2	2	0	8.53	5.93	133.4571187
1145.051285	2	2	2	26	13.53	2.01	103.2783284
1356.18594	1	2	21	14	7.48	1.41	107.3641244
1158.711299	4	1	4	6	14.13	4.11	100.9101101
1306.14494	4	4	21	27	13.39	2.35	107.1430703
966.896537	1	1	22	16	8.69	2.52	76.05350989
300	3	2	10	2	14.02	8.94	33.59455635
1146.288335	2	1	2	10	4.91	5.35	112.7908374
1769.099254	3	1	12	5	5.55	4.89	148.2363771
1570.486161	4	2	20	5	0.78	6.93	151.6496735
1586.158994	2	1	7	14	8.88	9.52	143.8481042
1694.452289	5	3	19	6	10.86	1.21	177.9667811
1235.463036	4	1	9	10	11.63	8.35	104.4229902
1278.926283	3	1	1	29	2.33	5.88	112.8193713
952.9392418	3	4	3	26	6.72	1.55	115.6114917
1073.570858	3	4	17	16	2.74	3.04	102.2258459
1446.30846	1	2	18	22	9.97	4.88	95.62406672
1681.553775	4	2	3	17	2.45	6.94	153.1713586
1144.22149	2	4	19	21	13.57	2.5	98.91994028
1019.924294	3	3	25	28	3.54	5.4	90.00398897
1200.211184	3	1	8	23	4.44	6.88	116.453994
1440.4827	1	3	15	28	12.78	4.54	113.3771729
622.4580735	2	3	25	20	6.93	8.64	52.5243682
300	4	4	5	25	0.46	8.71	45.59013012
979.7852602	5	2	24	18	7.47	4.76	95.14734188
711.7150296	1	1	3	26	1.36	9.73	65.81854118
996.7439209	4	2	8	7	14.78	0.85	94.09817382
1140.887872	5	3	26	23	8.86	0.13	106.105925
1018.700636	3	3	12	19	3.92	3.87	112.8150647
1780.987014	3	2	8	7	8.5	6.05	157.1749363
1330.697906	2	2	5	20	1.25	6.33	107.2928339
1320.189744	5	4	20	28	12.02	4.82	142.4633967
1448.882858	3	2	18	10	13.89	1.34	135.276098
744.4667529	3	2	13	20	13.13	1.79	68.83183085
1615.644715	2	4	20	2	5.19	8.54	150.0731166
1169.694285	4	2	14	22	4.95	8.69	107.8801458
1468.192247	3	3	2	26	0.62	6.77	134.2879932
771.2571068	1	2	4	13	9.81	6.68	61.34883311
578.4964936	1	1	20	26	8.07	6.02	35.88266654
1527.155863	4	3	17	8	6.94	2.11	151.1229713
1350.56381	5	4	13	24	13.62	4.34	122.1343229
839.1793783	2	3	15	0	2.6	6.99	94.65689312
852.1347675	1	4	13	0	0.24	5.42	95.31201063
1650.173914	1	1	8	25	1.19	0.28	133.8571687
724.2352429	4	1	14	27	3.43	9.54	69.82261234
1857.069181	5	3	6	11	0.6	8.46	190.0069271
839.7517061	5	2	13	10	7.59	2.68	74.36399751
1455.35677	4	3	5	20	4.78	6.2	145.5145247
1068.55261	1	3	20	0	2.79	9.24	91.48040606
1441.274972	2	1	14	19	11.28	1.05	114.837163
982.3543992	1	4	19	11	3.15	5.08	68.94752889
1134.882838	5	3	7	16	10.35	4.62	121.3312441
1216.36767	1	2	1	14	5.3	4.16	99.21905351
799.1250177	2	1	7	1	7.73	8.37	70.45989799
1496.329738	3	3	0	17	14.01	3.87	131.2049804
994.7145734	1	3	25	15	0.66	0.73	79.99315771
1108.560034	4	2	16	3	7.55	0.75	119.1453854
802.2602502	3	3	18	7	12.83	0.52	90.35128545
300	4	3	4	1	8.86	4.15	55.29001342
1123.588895	4	3	29	13	4.23	7.21	112.6046062
2165.046169	4	3	21	24	6.03	2.12	196.6832248
1513.841715	1	2	19	14	10.24	6.5	121.8644135
1192.295848	5	3	15	27	13.37	6.9	116.9050252
1094.843668	3	3	6	8	0.71	2.63	132.1815956
1208.986357	2	3	6	1	1.17	6.05	119.8665743
1418.847646	5	1	17	16	4.94	6.88	139.39109
727.6748739	1	2	17	25	3.57	4.72	56.97816094
1645.728678	4	1	1	9	4.05	3.43	161.7213724
1486.152526	2	1	14	8	3.4	6.23	138.429445
1487.27429	3	2	13	1	3.02	9.78	141.3660037
1375.390296	5	1	17	23	2.05	4.33	140.7973934
1207.846663	5	1	28	29	14.02	3.98	105.1516615
1469.144494	2	1	8	18	2.25	4.7	129.5909111
1436.725653	1	2	13	16	3.15	0.85	119.6744051
1058.383716	3	3	4	10	3.77	5.58	111.4023255
970.5592908	2	4	10	16	14	3.35	81.38558801
1240.742518	4	4	7	9	11.36	1.3	135.7842191
1819.608061	3	2	4	17	11.87	4.72	146.6166422
704.3571697	5	4	28	22	1.66	0.13	97.94097081
612.9898937	2	2	10	27	12.56	4.08	45.59696018
1265.904336	5	2	4	5	6.18	1.15	139.0995627
1220.355081	5	4	16	15	4.02	0.34	136.4494018
1269.336666	5	1	21	27	8.68	8.26	105.8429108
1297.581279	1	3	3	26	12.35	9.17	108.588355
1110.719098	5	4	14	17	11.7	2.16	107.7178394
1795.945375	4	4	18	19	13.36	5.44	167.2173729
559.6384086	4	4	21	17	13.93	2.85	47.29127409
868.6011901	3	4	1	0	3.65	4.99	100.2268751
1158.698096	5	2	23	27	6.42	4.42	129.2477089
542.7244755	5	2	16	2	0.32	2.76	83.07147339
1129.658238	2	3	11	14	13.2	7.03	96.87338727
1864.588066	1	3	24	19	2.4	1.35	180.733153
1208.354595	3	4	23	9	12.94	0.63	116.7081371
1292.280362	5	4	16	20	5.01	7.7	135.8004906
695.9340939	2	4	9	4	5.59	6.69	84.66111636
953.4554368	1	3	27	14	0.68	5.04	79.63150846
1049.921448	3	4	24	22	4.97	4.73	100.3905973
1072.913961	3	1	17	13	13.34	5.02	93.60782358
1712.657518	5	3	18	14	0.48	4.43	158.9340216
1423.076424	3	1	17	9	6.15	3.99	145.4721594
755.4168172	2	4	12	23	0.57	5.05	88.77349086
1298.601911	3	2	13	8	5.63	5.33	130.9429885
1399.288699	4	1	23	11	2.67	6.95	148.8790604
1656.059615	2	3	15	6	3.86	7.14	160.373229
1832.216275	1	1	17	4	13.18	3.84	146.3903979
793.9623233	1	3	25	24	6.6	4.19	52.92254997
875.6569955	5	4	17	23	4.18	3.8	95.68444062
696.9688564	5	1	15	9	8.88	5.41	72.75113518
1106.392056	4	2	16	24	2.22	4.59	117.3632476
1386.54335	1	1	6	25	3.96	8.91	110.3524122
1594.933807	1	2	11	7	8.24	6.99	118.9599729
1169.619591	1	3	1	21	3.64	9	109.1528882
1072.060991	1	4	9	19	10.22	7.12	103.5985192
1260.703197	3	4	4	24	7.42	9.71	128.9396453
865.9428393	2	2	20	15	11.6	6.39	62.44415033
2035.815489	2	3	2	11	14.23	9.64	169.7929414
556.9355892	4	4	18	8	1.83	1.67	73.9591445
1273.896232	3	3	12	9	5.09	0.62	149.1995455
2009.442488	1	2	11	15	4.86	5.83	169.0651745
1202.719938	1	2	2	9	2.35	9.84	103.3237305
1123.984386	5	1	5	8	12.17	4.23	105.3886014
1057.021831	5	4	13	29	11.42	2.2	109.9380978
1127.843327	4	4	3	25	7.32	5.26	116.8916092
1749.13939	1	1	12	2	8.11	6.52	130.5025812
315.2552355	4	2	18	26	0.99	3.22	63.42505777
1813.373481	3	2	17	27	8.38	7.18	156.4790091
630.417139	2	2	28	18	11.89	9.75	64.25361526
1093.339068	1	2	2	10	8.65	8.98	108.010192
1028.302232	3	3	19	5	4.05	2.99	110.5180357
1435.421308	1	4	5	5	10.05	3.33	138.1787752
560.7502592	5	4	15	14	5.49	3.78	74.49018645
1384.869066	4	2	19	28	8.22	4.01	120.0403499
2009.723849	5	2	23	14	7.36	1.09	205.7976943
654.7303982	2	2	2	12	5.78	7.64	56.93939435
1275.882467	5	4	11	21	10.81	3.72	129.5872849
935.2071289	1	4	18	4	13.27	8.81	72.76700344
1370.354882	5	2	18	13	0.18	9.28	134.9323375
1207.659111	1	3	23	20	14.01	0.34	93.47752102
943.4052364	2	1	3	1	7.72	9.89	100.2678772
1395.148914	5	1	0	29	10.54	7.13	126.8975965
1921.739244	4	1	1	22	12.85	5.25	169.5377277
1123.638483	4	4	12	11	7.06	3.96	101.6828507
1487.903177	4	4	29	19	12.54	5.23	137.6467385
682.6908169	5	1	25	13	2.75	3.31	81.34231875
817.4254493	5	1	28	18	2.47	6.26	96.34526658
1388.962511	5	3	12	23	9.9	1.02	159.9862596
1793.646411	1	4	29	19	13.07	6.25	121.4021349
1342.24534	2	4	1	14	13.4	2.83	123.0301186
1074.776788	4	1	29	26	9.69	0.27	121.1859991
1199.716562	1	3	18	19	7.93	5.57	96.4074465
699.8369064	4	3	21	23	5.04	5.83	79.27334305
1441.806131	1	1	23	16	14.7	4.32	116.0141897
1552.933225	5	1	15	24	4.86	0.82	127.1877506
1019.163867	4	4	11	13	11.19	8.94	104.1149527
1011.983141	5	1	0	22	8.03	6.15	90.46200397
1306.351292	4	2	8	27	9.17	1.25	140.4817913
1025.312106	3	3	16	17	5.96	5.16	99.17125638
1173.546954	1	1	9	26	14.48	5.02	75.38835397
2039.888716	3	2	17	27	8.62	0.7	183.2534135
1101.18972	1	3	18	21	14.07	6.11	89.70330473
1056.663939	2	2	6	23	0.21	8.1	106.2604612
940.9832777	4	2	24	26	8.63	7.52	106.0109006
1497.676789	2	1	18	4	10.79	2.11	125.3260698
1127.510331	2	3	23	21	11.2	8.64	110.5391848
940.2507847	1	2	14	11	13.58	3.49	95.40654313
1728.521613	3	4	8	9	0.17	9.47	160.3167195
1767.841202	5	3	9	7	0.1	0.81	179.4428583
959.8305737	1	4	22	28	7.14	4.91	82.76267111
453.3840195	5	1	19	5	0.54	6.01	69.31794854
1603.005476	2	4	19	27	14.62	2.55	149.2469899
926.1480697	5	3	3	24	3.41	7.74	92.16859854
1516.25024	3	2	5	14	7.14	6.31	139.1306075
411.9584729	1	2	3	11	1.01	0.28	44.36581329
1557.038935	3	3	4	24	7.88	6.12	138.2957963
715.5312283	3	2	8	24	5.76	4.97	91.77147824
1492.305648	1	4	11	5	0.77	2.04	164.5588643
1205.709227	3	2	22	11	5.09	9.96	116.6659868
818.4242322	4	2	7	14	5.93	8.98	91.47163539
1037.185475	4	4	20	11	14.85	3	108.9697398
1474.527383	4	4	4	8	3.2	5.46	149.7141381
1242.357781	5	4	28	18	8.22	3.23	149.1061059
1433.765192	3	1	10	20	14.81	7.78	126.9007216
1990.576234	1	4	22	1	11.9	9.31	171.3618263
574.3033553	1	4	10	27	14.9	3.65	41.47580904
1846.88503	5	1	12	12	14.53	8.08	159.3312234
1241.742375	1	2	13	12	7.39	5.03	109.8351382
840.4863807	4	4	27	7	10.48	4.03	94.58843433
667.8745497	3	3	7	26	1.75	9.39	81.21305483
1124.351844	1	4	24	12	6.67	5.15	108.6144162
1568.660045	1	4	29	3	12.15	4.73	128.0913557
1148.980352	2	1	17	5	7.63	6.76	91.38827833
1804.461972	2	3	18	5	10.57	2.69	170.9289516
619.529724	2	2	11	20	11.21	3.32	42.89100892
1195.164421	3	2	11	11	3.88	9.33	110.5070529
699.0426222	4	3	17	11	13.15	6.82	68.79116211
1345.452753	4	4	9	16	6.95	8.28	119.2872801
1554.754956	4	1	6	26	3.23	2.78	146.3824778
1031.695283	3	3	27	6	12.99	5.48	97.32546918
300	3	3	17	25	6.33	9.72	28.74984234
1279.579259	2	2	11	14	11.28	3.26	131.0742104
1374.695421	1	1	13	23	8.27	1.69	85.89030719
1361.717902	5	3	14	16	5.79	5.16	130.2277845
1694.312877	5	1	15	9	12.17	3.94	150.5215519
771.5785281	1	4	1	22	8.81	1.68	57.22650957
1472.086442	2	2	29	19	5.92	8.9	147.6219924
1677.003005	1	4	29	5	1.73	9.91	176.1298095
488.5649664	1	1	17	8	13.44	5.73	30.52860242
1327.86073	5	4	11	14	0.63	7.77	156.944223
998.3280676	2	2	15	15	12.96	8.6	86.89966205
1167.390931	3	1	12	20	5.46	7.04	120.7684234
1339.070593	5	3	19	7	9.63	0.54	139.5656004
1005.108574	3	4	16	15	13.84	1.66	101.2887712
929.7167683	2	2	17	4	2.36	0.8	113.9308017
1213.660967	1	3	2	17	8.55	0.2	119.6688267
765.1016245	4	2	22	19	11.49	3.13	77.93247775
765.6699484	4	1	9	13	11.39	3.98	66.47584156
1471.749313	2	1	0	1	7.93	2.49	126.0983759
740.4823859	4	4	5	22	9.41	0.74	64.86274661
1466.525	3	2	2	22	11.39	5.35	132.2466767
1385.036517	4	2	18	29	12.63	2.81	122.0205608
509.6773085	2	2	3	2	11.45	7.98	53.54282228
928.9741391	2	1	28	13	5.37	0.18	88.97826925
1677.643761	3	4	19	28	14.95	8.44	126.0860036
807.5337875	4	2	22	6	6.57	9.55	90.20487424
1014.238295	4	2	2	14	0.46	7.19	114.8875742
1384.824357	1	3	7	16	5.5	7.36	110.6161984
1513.356204	5	2	7	0	2	9.34	156.9130121
1099.384446	2	4	26	8	1.91	2.17	110.4392689
960.9959221	1	3	28	21	4.29	9.95	80.11625499
1768.947945	2	3	6	28	0.9	7.76	142.8738427
1895.559866	1	3	1	13	10.36	7.29	153.1988129
1591.54322	5	1	20	15	1.2	3.67	174.7213168
1234.127257	1	3	5	27	3.13	5.5	101.0550455
876.6937113	2	2	27	20	1.48	6.57	77.29431883
867.8222374	4	1	15	12	1.04	6.24	89.0046038
1409.005642	2	1	9	5	4.09	7.08	125.7462972
1367.359288	3	1	3	21	8.62	0.92	138.7319564
1760.639437	3	1	12	0	14.47	3.62	167.6481451
1460.180037	3	1	9	20	13.15	4.4	119.0802027
598.7678793	3	1	20	24	13.15	2.68	44.54923603
1620.779047	5	1	13	3	2.72	1.81	148.8405216
800.7757491	4	3	8	2	4.05	1.48	91.90488727
5232.057456	4	4	10	16	1.24	3.73	98.49550146
1300.080083	2	2	22	29	11.7	4.99	109.8755798
1998.266996	1	2	17	1	1.14	0.72	196.7729215
2443.967422	2	3	10	18	8.39	9.47	199.1210823
1442.689224	2	3	16	19	3.79	7.68	133.0620849
1126.721353	2	1	1	22	3.73	7.34	85.89983208
1413.802259	2	4	2	21	14.86	1.81	100.925321
1555.06217	4	1	10	26	11.38	6.08	131.4417167
1071.73295	1	3	17	7	12.57	5.34	95.71605738
1918.084542	2	1	26	29	8.62	9.83	165.7785011
1292.028304	4	2	2	24	13.08	7.5	131.2980985
1399.097236	2	2	25	14	9.72	5.8	116.8380979
1466.369701	3	1	14	5	14.2	8.52	133.0747238
1368.634644	2	4	10	22	4.29	1.64	132.1816739
1535.5762	2	1	10	19	8.97	0.25	130.4048087
953.0987254	5	1	27	1	10.38	6.93	100.3731238
976.6792984	3	4	29	24	5.95	1.07	98.68884937
759.9383068	1	4	27	24	13.21	1.24	62.93182078
1375.800492	2	4	24	14	14.7	7.47	133.0141765
1511.574601	1	2	19	19	7.46	2.78	128.3957516
1383.109146	3	1	27	11	5.92	6.32	143.4073479
1869.796973	2	3	24	2	7.13	9.18	157.7006635
1197.761592	5	4	10	9	12.81	3.23	97.03760275
1467.496662	4	4	18	13	9.72	2.25	139.8067885
763.3196495	5	1	27	26	0.77	1.15	80.86107795
1045.160119	5	3	0	21	8.18	1.39	96.24902387
1478.215103	4	1	26	29	0.36	0.72	153.7557103
1539.640844	4	1	4	13	11.7	0.97	126.4913503
1082.413221	4	4	9	2	4.99	4.38	128.9289162
1171.360299	2	4	9	0	7.13	3.28	139.6707672
592.8505013	1	2	13	19	12	7.09	32.35689596
1057.18832	1	3	1	0	0.79	8.72	103.3416922
1556.153265	4	3	3	1	2.46	7.87	172.2713429
1430.082006	5	4	1	18	6.03	5.35	141.7365682
1400.266289	3	4	17	23	3.53	1.11	140.721198
1219.909475	4	4	12	9	5.13	7.13	134.6256989
1202.825263	5	3	18	3	14.97	3.69	124.5459692
935.8715442	5	2	4	3	12.4	0.95	99.24659079
1479.531368	2	3	19	12	13.27	8.44	115.8777053
1368.389178	2	4	1	25	14.06	3.45	103.3913323
1396.807539	1	4	10	8	5.18	2.26	137.6857413
989.5860629	1	2	29	6	4.53	8.73	83.16802653
338.6628321	3	1	29	15	3.59	9.03	53.0207888
1638.861085	3	1	25	17	12.47	3.46	153.7685592
1008.465018	3	3	17	2	10.23	3.61	91.94508045
854.8896944	3	1	29	19	3.62	5.84	90.25710071
1477.391565	5	1	5	19	5.72	7.36	159.5291821
1043.194944	5	3	22	9	7.65	0.73	109.6382615
1623.974554	1	4	27	23	7.97	5.97	148.0843838
1446.80238	2	1	9	25	13.34	9.53	113.2314973
1473.427729	2	4	21	29	5.77	2.69	140.9030625
653.6177155	4	3	22	25	13.64	9.1	52.57737733
1684.777594	5	4	16	21	6.68	9.51	179.7100566
1304.500212	3	4	21	15	11.22	2.76	116.4913124
1052.289144	3	3	10	2	13.96	7.57	105.7815733
1257.355387	4	4	18	10	13.62	2.46	123.6440752
489.5059068	2	1	16	24	0.95	7.4	53.46700461
1363.461125	3	1	23	9	3.16	7.99	117.558692
788.2513967	2	1	3	15	7.21	2.55	60.5944736
658.9318857	4	1	25	7	6.53	7.19	76.49685944
591.0563255	2	4	23	8	9.65	8.14	58.51998058
1645.07535	2	1	25	14	14.18	3.65	128.6571236
948.2946425	2	4	13	20	1.77	1.76	104.7797548
1813.491084	3	2	26	2	6.83	1.01	156.1285138
985.6794148	1	4	19	3	2.97	5.8	113.2191821
517.056817	5	1	3	29	13.42	9.78	47.13167421
753.390224	2	2	27	12	14.47	8.25	68.93550938
1694.324648	2	3	13	11	7.23	4.41	157.1154542
1137.640729	2	4	25	20	1.65	5.41	117.5282346
980.6850814	1	1	3	8	11.8	2.87	69.01423358
1264.00729	4	1	5	24	10.49	1.71	124.8114642
1400.713094	3	1	29	13	5.38	4.87	130.9341887
1646.959526	1	3	8	18	13.32	4.69	127.2708252
1779.399692	2	2	20	6	14.64	5.27	147.3150766
1056.092542	1	2	11	15	8.41	9.53	88.89276446
669.5809256	1	1	28	21	8.53	6.08	52.76876229
1034.613936	1	4	25	19	4.53	6.1	100.9255358
1304.112203	4	1	29	4	8.81	1.37	145.1948774
814.4964295	5	1	7	29	6.65	9.97	67.33734985
817.139634	3	4	23	9	4.6	7.75	98.65391581
1337.515153	4	1	3	17	1.1	8.78	127.0842222
1180.539059	4	3	26	10	3.87	4.2	136.864572
1213.118798	5	1	25	6	3.05	5.07	145.5899832
896.6018661	4	3	24	13	8.18	5.27	97.15737434
1107.839714	1	1	24	19	9.06	2.02	95.84725375
830.3067423	1	2	4	17	9.17	6.93	79.53718775
1556.079364	2	4	5	10	5.88	9.04	152.1807402
1614.099734	4	2	4	21	6.38	1.72	163.1636847
461.5248551	2	1	18	26	12.53	0.95	33.14514738
828.1956559	3	1	26	11	7.2	7.41	74.01882611
601.388298	1	3	7	17	14.82	2.8	37.22532147
939.9904262	3	1	8	25	6.65	6.28	80.74182413
1166.624812	5	1	14	1	9.78	6.99	117.660309
620.1419121	1	1	3	22	0.85	3.29	56.52333683
831.2560747	3	2	24	0	9.83	8.17	89.09077053
798.4170512	5	3	8	22	12.79	5.54	87.27595008
1282.906932	3	2	6	9	14.14	8.7	109.5502717
1227.737735	5	3	7	20	14.96	7.66	116.6067278
911.3049787	5	2	14	0	4.3	8.7	115.0518413
1270.728349	1	1	18	5	8.67	0.3	103.5264043
981.3279662	2	2	14	6	6.82	2.51	105.6464424
1091.337956	5	2	4	16	8.5	0.99	108.20138
1869.380836	5	3	18	8	2.45	4.48	202.4172705
1736.184421	1	3	6	6	12.86	8.91	143.9971916
680.1675052	2	2	5	16	13.65	4.73	57.89041814
1531.892967	4	3	26	2	6.8	8.51	132.6864246
1524.558622	4	3	18	15	4.28	3.34	157.2355811
740.6946845	2	3	24	4	2.2	3.46	86.79814554
1527.511058	3	4	27	19	10.29	8.97	136.9183622
1815.172767	1	3	16	17	4.75	4.32	155.6270313
750.9820775	2	4	9	0	13.65	7.92	80.6145228
832.9988716	4	4	18	3	10.1	2.44	106.3226251
1607.064587	5	3	10	22	9.72	9.49	152.1494017
1308.598124	4	2	14	10	8.44	5.79	139.0985291
1420.59051	5	3	9	19	0.78	7.62	138.9222605
1336.235687	1	1	10	8	13.99	0.99	102.3903602
1356.278368	5	2	22	29	9.46	4.98	128.7333063
669.4111487	2	4	2	7	14.91	9.02	68.56267669
1618.927083	5	4	29	7	8.11	8.78	166.425122
1667.835997	3	2	2	4	10.68	0.56	141.287588
1108.243702	2	2	17	11	0.94	3.11	98.51837578
1182.60922	1	3	24	0	9.51	4.49	106.7568705
587.556999	2	4	10	14	11.49	1.81	43.87584043
1405.701902	3	1	19	24	11.7	7.33	116.1611231
1428.822977	1	3	25	17	11.57	1.93	118.6294805
1175.123593	4	2	28	5	3.47	3.53	116.3772675
1649.741344	3	4	21	9	14.63	6.67	141.0698811
1066.369108	1	2	17	13	14.93	4.87	84.09480149
1425.84237	5	2	24	20	1.23	7.41	127.728152
792.1342645	2	2	14	25	14.05	9.62	51.28074083
1190.57914	1	3	6	28	4.41	1.25	101.3204343
1130.258297	2	1	9	7	10.37	7.12	93.78265177
1290.123169	5	1	20	26	5.14	2.38	122.4272434
1052.189228	1	4	22	2	14.52	4.2	107.9816798
1147.410962	4	2	29	21	1.61	0.43	129.5024199
1530.418869	3	1	19	21	7.52	1.45	128.3181516
1025.294305	1	2	28	25	6.48	3.27	74.75959743
557.3691597	5	4	9	18	4.96	3.49	74.71202981
1899.833562	1	2	12	11	9.72	9.01	165.8862867
1752.581631	2	1	14	11	2.05	7.44	133.0214351
683.094922	1	2	22	14	10.78	9.72	53.77146118
1475.883122	4	1	17	27	14.71	6.03	117.014113
998.8100918	1	4	22	6	12.09	2.49	104.3884974
6526.974431	3	2	3	26	12.91	3.34	119.0790692
1317.689652	1	1	19	3	5.46	3.27	103.0657909
1106.23688	2	4	16	20	4.94	3.33	118.8734757
886.4937338	1	2	27	8	7.8	6.76	54.81385963
923.7835791	4	4	2	21	0.78	5.35	111.3094562
833.5232338	5	1	20	15	14.19	3.92	89.03836354
867.2711167	1	2	20	25	2.24	1.58	95.78136066
1173.128684	1	2	1	12	13.55	0.32	99.60774337
913.6960044	3	2	3	3	1.35	2.27	97.5153684
1472.820826	4	4	0	23	12.36	1.16	127.4820345
1794.898462	5	4	14	8	2.36	7.88	197.0581588
967.9787035	2	1	24	25	0.67	1.21	108.1374111
1295.7618	1	3	0	20	10.82	7.27	99.37619171
1399.874044	5	2	5	17	4.28	3.92	141.4398229
1388.800908	2	2	6	14	10.75	0.83	135.1731307
1230.382107	4	1	18	14	8.37	8.15	120.5572525
7485.364837	4	2	11	5	1.72	5.84	149.6620493
1392.899581	5	4	0	10	13.99	2.43	132.1033753
704.9350311	2	4	6	27	6.84	8.96	56.10586507
1547.662426	4	2	18	7	11.04	0.55	157.1585427
1554.916335	5	2	12	28	7.57	2.1	141.9592788
894.6855583	4	4	25	20	9.1	7.55	87.54865522
1215.175134	4	2	11	16	4.61	7.12	125.1050474
1473.331597	4	4	11	23	3.09	2.96	148.0965458
1116.274472	3	3	21	24	8.18	0.71	109.812358
1629.191219	2	3	12	16	6.66	8.59	138.2309634
2145.548998	5	2	27	23	5.91	3.21	192.8278066
885.6055869	5	2	13	25	10.12	2.04	83.22804695
647.5821587	2	2	21	27	10.39	5.21	59.7602551
1321.527438	2	4	29	17	0.78	9.11	126.8487273
1488.625002	2	3	11	3	5.15	0.53	147.9175557
1107.65345	2	3	19	28	6.24	7.68	84.78291056
1781.304265	1	1	11	14	1.54	5.77	158.9974154
664.5576801	5	1	26	1	3.61	4.31	91.00540995
1477.167449	1	2	5	1	0.87	7.47	143.9564334
957.6556717	4	4	26	9	14.94	9.66	96.90784683
1887.751162	4	2	9	2	11.07	2.37	178.7002546
1997.006141	5	3	19	29	1.4	1.52	173.1629992
893.3373649	4	2	28	7	0.4	9.14	112.5525196
980.1771456	2	2	23	19	10.82	6.72	68.34959395
1543.835155	1	3	8	6	6.64	4.44	148.3575653
1045.14774	2	3	1	11	11.82	5.78	92.57575088
1181.835513	4	3	6	25	13.86	7.48	87.36365768
1210.155368	1	3	8	18	9.03	7.75	98.91510371
432.1307375	2	1	24	25	2.89	9.21	24.23211857
1194.464902	5	4	11	27	11.75	4.33	127.5730172
924.1088904	2	4	4	29	14.34	3	71.6633365
1002.750871	4	3	0	14	8.75	6.43	91.16422183
1777.452801	1	4	21	13	10.26	4.22	158.6167054
697.3972423	5	4	14	15	5.13	5.99	88.92027782
1525.282075	1	4	7	28	5.78	4.26	134.8802369
1088.414828	5	4	0	26	11.05	1.61	110.3862176
1088.095933	1	3	17	13	13.92	4.75	100.6102067
1516.148758	4	2	12	2	9.47	6.94	140.3607693
1336.020518	5	2	28	17	11.87	8.01	107.9707561
1428.245199	3	2	0	28	2.66	4.98	118.1405771
1587.273864	1	1	4	27	3.26	1.74	135.5297899
1067.476647	1	4	17	21	8.03	4.21	87.31616404
955.1053062	2	3	15	5	2.73	7.88	111.1622843
765.9397894	5	3	25	16	9.56	4.19	75.74439032
869.835788	3	1	9	22	4.45	7	90.82906733
2379.63777	4	3	29	27	11.89	5.12	198.1765285
1697.871832	2	2	3	13	12.14	2.49	156.8450854
659.5702535	3	1	0	13	7.01	7.98	69.52593079
671.0168173	5	3	22	19	2.79	0.93	91.01439475
1392.746425	3	1	7	12	9.74	5.3	129.1357165
1418.905919	1	1	4	26	14.89	2.17	116.1750122
1419.553534	1	3	1	27	9.38	0.76	116.6922468
1098.017683	2	2	23	2	0.63	5.08	94.25143934
1149.818296	5	3	16	12	0.36	5.05	142.5139192
1331.15181	5	4	6	28	4.87	7.1	130.2556974
1234.357203	3	4	16	23	3.02	7.47	145.2475688
312.2798509	2	3	27	1	12.21	7.31	31.9554712
1108.080148	5	2	5	8	12.69	4.15	108.2904533
859.4374263	1	4	28	12	3.95	6.35	92.37944884
1270.084568	3	4	21	7	4.95	5.81	137.1345939
2394.103601	4	3	14	15	3.62	4.27	224.4945253
1346.992666	1	3	4	23	13.63	6.01	98.49615492
1074.588126	2	3	14	28	7.59	9.48	77.67311135
1568.720601	5	1	17	2	9.88	2.01	147.2627938
1393.075155	1	1	17	12	6.29	9.07	98.4754331
1368.037796	4	1	24	3	9.5	0.63	154.6734791
1442.740237	4	3	20	17	5.85	3.15	131.1329844
2022.617426	2	2	20	1	5.16	2.95	180.8168524
747.6446259	1	4	22	19	9.55	6.3	72.736066
1389.452831	3	1	5	21	8.91	1.4	121.8964406
829.447548	1	2	1	20	4.47	8.84	64.00644367
1422.205059	4	3	26	14	2.33	8.3	139.8545096
832.5253954	2	1	16	16	5.59	6.56	68.56013697
1033.053275	2	3	20	28	6.29	4.64	88.83969337
1081.964034	3	2	3	9	9.47	9.34	103.1265884
1590.326688	2	1	11	0	13.73	8.32	121.7272619
1567.381778	2	1	18	5	0.64	5.04	156.8949492
701.7130494	2	1	1	2	3.73	7.05	73.74791123
1221.973644	2	1	25	18	2.99	5.71	102.7670119
916.1680581	2	2	1	6	7.58	5.92	84.30510611
696.5980357	4	1	13	12	6.5	3.38	88.89834704
1113.19318	1	4	14	12	10.96	4.67	106.3515423
1076.606885	5	4	19	16	3.71	0.87	127.3802667
2170.686595	2	3	1	0	8.96	3.64	187.9862294
1373.18393	5	1	3	13	13.27	6.99	130.5211515
648.9529997	5	4	18	28	13.67	9.54	66.02183477
974.0903983	4	4	8	25	14.39	9.63	104.9119222
1608.553318	2	4	6	2	11.62	5.6	145.8848159
2035.377109	5	2	29	13	13.6	6.11	197.9603464
565.6066751	2	1	12	23	3.59	1.94	57.83684358
448.0302459	3	2	26	0	3.04	6.98	52.24196871
1948.38607	3	2	11	15	0.2	0.8	216.458061
1355.845671	3	4	2	9	10.63	2.92	116.4060685
852.6829072	5	4	12	12	14.07	6.72	72.18739181
1413.851634	3	3	14	3	2.89	3.17	123.8567725
300	4	1	13	8	9.59	0.59	73.41682135
1201.350203	4	1	23	13	11.22	8.34	128.7119206
1331.128469	5	4	8	3	13.92	3.17	139.1903946
1569.708056	2	4	12	9	9.74	0.72	150.1540647
794.4416191	1	1	22	7	14.56	0.84	67.4205445
1234.274865	2	3	21	22	5.24	2.59	95.67542745
829.8301496	2	4	3	2	5.31	1.86	109.1146874
1302.153502	2	3	20	22	8.19	7.77	124.4068795
841.8614711	2	2	7	6	5.81	3.28	73.44198709
1036.759664	1	4	2	9	0.12	8.07	107.0976041
801.6738421	3	2	1	2	11	1.82	83.74376509
1460.454497	2	4	18	1	11.3	4.98	133.6807699
1543.380447	4	2	27	14	11.23	6.91	131.6754621
1106.151772	5	4	22	8	5.24	6.55	123.8409106
1215.295198	5	3	7	14	7.88	6.05	119.6591575
620.5634341	4	3	16	16	5.46	9.26	82.32748768
1080.129341	2	3	12	29	0.34	2.36	103.3379343
1179.918153	1	2	6	6	8.48	4.99	96.30000269
2248.317236	3	3	8	19	1.94	8.85	199.7052484
755.2131897	5	2	11	17	1.29	0.87	94.26006622
1785.670896	3	4	28	14	11.36	0.65	161.8678218
1598.743509	1	2	13	17	0.24	2.41	149.9543684
1312.254562	5	4	13	23	14.39	6.37	120.3499559
1903.448194	3	1	14	22	7.78	2.67	157.0930625
1348.842189	1	1	2	11	14.75	1.98	92.52221799
1355.663678	3	1	14	22	0.96	4.64	125.5031451
1178.751739	2	2	18	20	8.79	6.17	112.2696722
1689.427553	1	1	23	29	5.3	2.56	134.008109
1638.587694	3	1	19	25	12.67	3.08	128.9010252
949.729085	2	1	13	7	5.48	6.17	81.39396831
672.3011222	2	4	7	29	3.98	9.46	46.70174526
1118.807745	1	3	4	1	12.88	6.78	108.8891416
879.9845742	4	2	29	1	5.68	7.85	102.6497834
1174.59017	5	1	18	4	0.35	3.73	139.2595165
1694.975254	1	4	3	0	5.92	2.8	160.7647159
1017.079338	2	3	13	21	9.85	4.6	81.31277107
1182.870647	2	3	15	3	3.89	8.09	112.8212196
1223.209094	1	3	19	5	6.54	4.62	107.8073324
1539.372353	4	4	23	22	0.95	8.48	147.0571865
301.2442664	5	1	5	12	8.86	9.89	38.44825241
957.3198821	3	3	22	18	11.37	0.81	103.3413542
1284.513477	1	4	24	10	6.26	0.55	142.026228
1680.031583	5	4	5	12	6.36	1.58	162.7837857
1003.239021	5	2	2	7	1.42	3.91	116.2350243
449.3789176	2	4	14	6	3.11	1.4	67.26613412
1447.884578	3	3	28	12	2.4	8.72	129.1702373
945.8550445	1	3	2	0	7.28	0.33	96.19652558
724.1333364	2	4	10	5	7.99	3.23	83.77504258
950.2618441	2	3	2	6	14.24	1.93	87.60883465
1126.189857	4	4	27	15	1.19	9.32	126.9814752
958.1021342	5	3	9	29	9.04	6.73	94.91945797
317.7735772	1	2	17	26	7.94	9.13	-7.068413169
1558.826479	1	1	0	14	7.79	9.73	113.969083
1709.950017	1	2	15	19	13.11	5.02	147.8720739
1460.608797	2	2	15	29	3.16	2.42	132.8235243
744.9257318	4	1	26	1	0.71	2.02	66.11438047
1119.403386	3	3	9	25	10.12	2.31	86.95866913
1197.391474	2	1	0	24	5.24	7.12	107.0255202
1439.517756	3	4	3	22	0.36	0.5	139.567875
1467.336195	4	1	2	15	3.85	0.61	115.7564731
906.3304805	5	2	4	16	4.71	6.12	110.5523441
1232.798223	1	1	11	23	9.29	6.46	101.0465666
1382.912162	3	3	24	14	2.67	6.69	125.7838486
1782.328929	2	2	11	2	6.25	3.78	174.5125707
1481.802616	3	4	12	3	7.29	8.08	135.9181025
1515.622675	5	3	23	11	6.94	5.38	145.8887658
1233.530651	1	2	11	4	14.61	1.14	99.38149803
1764.183658	3	4	24	16	0.78	7.99	148.8519669
1363.905118	5	3	15	5	14.27	9.54	134.9834871
855.5648359	2	4	12	9	8.77	0.69	95.0702377
1761.347988	4	1	4	21	11.96	3.97	146.2945626
1479.161309	2	1	23	17	6.51	4.93	133.1394385
1022.782392	1	4	3	26	6.86	1.55	75.4393316
1008.202813	2	1	20	9	13.2	8.69	88.22502943
1318.630218	2	4	14	5	13.45	2.91	124.7763991
1385.273918	2	3	11	23	3.66	7.85	115.7430349
1278.916906	2	2	18	5	3.07	6.74	125.8785072
1324.523469	1	4	20	19	7.49	6.02	105.8420034
1879.98295	5	2	27	14	13.51	2	182.637745
1628.617261	3	2	18	3	4.9	2.28	162.3558978
1276.254237	4	4	20	24	9.82	0.57	128.4967658
1576.524232	3	1	10	15	10.65	2.48	132.2342169
786.9904386	3	3	29	21	11.7	3.52	82.35505338
1359.17082	4	2	20	23	8.5	8.35	133.390771
1923.72254	1	3	5	7	6.1	3.73	185.1627302
1112.781642	4	2	8	6	14.51	7.57	98.10166064
860.9464286	1	4	0	18	9.21	4.45	85.44908481
939.1644446	3	1	11	25	10.96	7.87	90.13956047
764.1467851	1	3	25	16	5.24	9.77	65.59730218
886.0952367	5	2	13	20	10.08	2.47	106.8699058
1051.796761	4	4	5	12	3.94	8.64	115.0923876
637.7731923	5	4	0	14	3.75	6.26	76.32731757
1206.247334	3	2	21	25	10.75	8.19	93.44813395
1560.91087	4	2	1	25	7.87	6.55	124.2547252
836.8975279	3	2	23	1	10.28	4.3	86.28675123
1807.713569	5	1	10	27	4.11	2.36	165.6952499
1404.316835	3	2	2	9	9.02	0.79	134.27325
1612.232234	4	2	9	12	6.71	5.4	165.2235999
936.8661785	4	1	29	17	8.99	9.9	85.57696118
1541.810091	3	4	5	29	4.43	7.41	136.9295142
763.2264398	4	2	5	22	10.76	3.34	73.47906313
1556.099	4	3	19	10	12.11	8.29	123.7904249
1268.735736	3	4	20	12	3.97	7.71	133.4015117
1421.300488	5	3	1	18	4.58	2.89	144.3881143
729.7621578	4	2	25	28	9.95	0.24	74.05229024
841.9720631	4	1	25	23	10.46	1.27	78.28211566
1438.891287	4	1	23	24	10.59	8.79	122.645154
820.6607983	4	1	9	29	10.27	8.38	57.00727842
1385.282517	3	2	22	28	5.95	3.02	123.2557958
653.1448774	5	2	25	23	5.98	2.92	71.19926729
1539.269685	5	3	5	21	3.9	7.95	150.9508661
706.9906741	1	1	22	4	2.44	9.38	56.9776298
1420.919975	4	2	27	2	10.42	7.81	139.7072434
1450.252373	4	4	16	18	1.49	6.1	147.5662431
921.2912726	1	2	29	22	14.07	2.5	56.86450916
1432.810627	5	2	13	12	12.42	5.3	144.9442058
1304.176905	2	4	4	4	12.88	2.41	116.8067398
984.4632575	2	1	22	11	13.61	8.1	74.85886111
796.5781264	5	4	16	13	6.19	3.93	106.6364196
414.9497233	4	1	1	5	12.72	8.35	57.48577902
1339.860019	2	4	8	29	2.46	3.88	118.9740231
574.0788915	3	3	11	21	0.42	8.26	68.42915949
1238.13768	3	1	18	8	11.79	3.4	118.002703
1094.620714	1	2	21	16	1.21	4.46	113.1822713
1471.65711	5	3	6	7	14.83	6.19	141.371342
1079.1818	5	1	8	25	10.15	0.8	108.7319082
1068.220885	2	1	20	12	11.33	9.49	77.13023731
1492.748282	4	1	15	28	3.76	5.78	119.1608302
1334.023212	5	4	19	4	10.14	5.13	145.9988362
1326.462383	2	1	10	28	0.74	8.41	104.4317274
1387.707036	2	2	11	21	12.58	8.67	100.2409916
585.7711507	5	1	14	21	2.63	5.27	78.40388975
1502.715472	2	2	17	16	10.49	9.28	121.7307487
1444.987518	1	2	18	2	3.44	0.74	138.1547042
793.3267486	1	2	15	27	1.12	1.22	60.81371421
1102.367811	5	3	14	5	7.27	6.01	112.046714
1184.277085	4	2	4	13	2.62	3.61	139.5163566
1146.201286	1	4	10	14	10.97	4.7	93.19204439
1333.543987	1	1	14	13	3.64	3.35	114.1025939
1772.546713	5	4	28	10	5.2	4.11	181.6493671
1632.706691	3	3	17	10	8.55	8.24	137.0649267
675.1123226	2	1	12	8	4.35	5.98	81.53298427
1448.827996	1	2	3	5	5.73	9.97	124.6292694
1731.573328	3	1	16	14	12.25	7.89	141.1497199
1354.723408	4	3	3	11	2.77	2.81	151.9870055
1636.39217	3	3	15	28	1.32	2.72	161.2693731
2004.908178	5	4	22	5	4.99	3.43	220.8305631
1609.483818	4	1	14	0	6.42	8.45	147.9243826
1299.723438	4	1	13	24	8.19	0.37	141.7866501
1618.03539	3	1	11	15	5.65	2.38	152.7202338
1257.955133	5	4	2	19	11.87	9.06	138.5484451
1209.561217	1	3	9	14	0.69	6.43	122.6509365
1059.434306	3	2	7	1	6.53	2.35	104.1189347
1825.365344	1	1	5	16	5.8	2.27	143.9161359
872.6285336	3	4	21	2	9.75	8.64	74.15705549
1812.94709	1	4	13	2	14.5	8.95	131.3699859
1399.945649	3	2	16	4	7.7	2.64	128.5209943
640.2775301	4	3	20	16	14.8	4.26	78.72425239
1347.059717	2	1	18	22	4.6	8.36	107.5755058
359.9893969	4	1	15	28	0.56	7.73	39.17887289
1450.203207	1	4	14	16	2.57	8.16	137.4006193
1554.092593	5	3	25	19	5.99	5.23	143.8400758
963.0576177	4	1	14	5	4.81	9.12	117.8822606
1249.419078	2	2	0	0	1.55	3.33	123.8128514
1981.662974	1	3	23	6	6.55	1.65	184.6599242
997.7013183	4	3	22	25	5.14	7.12	97.45143141
776.4369652	3	4	22	14	1.93	5.44	90.69272864
1792.665361	5	4	11	6	4.51	8.56	191.4240871
1985.034876	1	1	9	18	13.31	0.9	158.4042944
1201.478269	4	4	13	19	4.6	8.45	136.276205
1604.585214	1	3	9	21	10.74	3	123.7459793
1736.590366	3	1	9	29	9.22	6.58	128.1089345
903.006307	2	1	19	10	6.46	0.5	69.59524173
1005.877666	4	3	28	22	3.66	6.13	116.7238706
1692.349805	1	1	10	13	5.6	7.2	148.4238689
1874.005711	1	2	21	12	8.92	3.75	153.5600776
1425.152344	1	2	15	19	5.33	2.23	125.3197406
848.0742586	2	1	28	25	3.3	5.42	85.74437344
1994.824445	1	4	8	26	1.84	8.35	167.7956345
987.6116409	5	2	14	24	13.21	3.3	76.91640347
1065.944888	5	1	13	8	6.66	2.6	96.73053732
1336.935134	1	2	18	8	9.42	2.86	104.4161453
1821.664168	5	4	8	15	7.41	9.5	174.7631786
1541.590391	4	3	3	11	13.1	3.66	133.7629832
1365.9462	5	1	20	9	8.25	0.14	148.0985689
1385.315412	1	1	6	5	7.26	7.84	103.605243
1217.405867	3	1	21	17	13.88	7.02	92.68583911
1423.255806	4	1	25	1	10.82	1.37	119.0669624
300	2	1	7	26	1.76	9.85	24.55608288
1081.357016	1	1	23	19	2.75	6.12	91.883775
1296.528774	2	4	7	8	11.83	5.06	129.2558878
739.5943666	3	3	18	18	12.55	3.88	72.20339316
1354.529327	2	4	14	5	8.22	9	133.2073494
5591.057558	1	4	15	1	8.36	2.52	118.9600532
1902.190279	1	3	29	14	9.52	2.93	164.3299699
1829.20789	3	4	25	16	6.64	1.31	162.354514
1013.677772	1	2	21	15	10.23	7.62	85.26826214
1139.664915	3	4	22	27	1.72	6	127.6872367
1170.420974	3	1	8	20	14.42	6.13	91.2762663
1019.33621	1	2	25	7	11.28	2.26	94.24940616
1278.009994	5	2	25	9	9.5	6.55	132.3891378
896.6871724	3	3	29	9	4.81	7.68	90.62920728
747.753866	1	4	11	17	2.5	3.64	86.78160001
1449.08449	5	4	15	9	6.2	8.03	145.7158429
1451.811834	3	2	3	8	9.96	3.55	137.8834624
878.2736961	5	4	4	27	9.54	7.61	88.83215627
1558.142172	4	4	7	23	5.8	0.43	153.2836535
947.3689083	4	3	0	18	9.24	5.56	104.589246
1301.266095	5	2	27	0	12.22	9.7	108.2076017
1528.137605	3	1	5	3	0.49	9.81	151.4849762
1186.554974	1	2	14	23	6.81	2.89	106.0120811
1381.896365	2	3	3	2	11.4	4.47	120.5467007
993.4281424	1	3	20	9	8.24	0.72	93.19669852
1121.413367	2	3	10	11	9.81	8.75	89.6790103
1117.656228	2	4	4	17	7.8	5.73	95.97834714
901.3686614	3	2	17	22	14.88	3.91	78.8350589
1129.290335	5	4	23	19	0.91	1.22	157.0266209
580.5526805	1	4	14	5	7.42	9.47	66.10385634
1003.538501	5	2	17	20	1.46	5.35	101.7679362
1086.049803	4	3	19	1	2.48	2.9	132.8459353
1097.528099	3	1	27	9	5.81	3.57	112.2831332
1103.401022	3	1	12	1	2.42	2.78	98.37542479
1175.29432	4	2	4	29	14.46	6.06	95.16473556
1391.776607	1	2	29	8	14.21	9.31	107.4166562
1549.80683	4	3	0	26	5.11	8.58	143.1693574
940.0939093	1	2	21	9	9.63	4.66	81.10836215
718.7196578	2	2	17	1	8.05	8.28	73.19124212
783.1822351	3	3	13	7	12.25	4.29	70.67112882
1005.118832	1	3	4	23	9.45	2.6	81.23820654
1059.231473	5	4	5	16	0.1	9.84	118.0886445
892.0015735	5	2	26	16	11.47	3.11	104.707748
681.5533343	3	1	23	28	11.23	3.3	50.43327484
1017.551669	4	2	24	3	7.69	9.9	101.3112708
1272.570648	4	1	28	17	13.55	1.43	110.3416377
1438.011786	1	1	27	11	13.64	7.63	125.9426996
977.0307788	4	1	15	16	7.91	9.36	97.83411874
1034.800871	3	4	21	8	9.16	5.17	96.31909278
829.3206765	1	3	20	28	14.95	0.12	67.28412069
1187.424332	2	3	11	18	4.55	3.81	101.3697382
860.6285463	4	4	19	13	4.94	1.2	105.0680158
1429.251125	4	3	17	13	2.82	4.22	158.7403883
485.6534032	1	4	1	29	13.45	7.92	14.31307405
1056.148131	5	2	22	16	11.19	4.44	95.42971347
1320.442936	4	4	20	1	1.67	4.38	148.185865
1273.533807	3	3	22	7	14.73	5.61	111.2586452
2277.213466	4	3	12	4	10.99	5.86	208.4405003
1339.92001	2	2	26	26	12.77	8.58	102.172286
798.3781613	4	4	16	6	0.82	3.15	87.55837393
1161.814301	5	2	16	21	7.62	8.23	118.936954
489.5014666	4	1	15	28	10.51	5.7	32.6398315
1167.7601	1	4	20	15	8.19	3.08	107.6839988
866.7775772	4	2	17	15	10.03	3.02	83.84518917
1566.15611	5	2	7	16	12.29	3.68	169.6111921
980.1838902	1	3	29	21	5.68	6.26	83.8818425
1153.293634	3	4	2	26	12.75	2.39	107.5614866
945.7768634	1	1	16	6	2.53	9.21	90.79783833
1895.540541	2	1	28	19	4.14	5.79	163.9194586
1071.502894	1	4	17	7	0.75	9.21	105.6854201
1933.022817	3	4	25	7	5.53	0.56	176.1520755
1525.660705	4	2	25	22	5.76	3.49	141.2307636
1392.826691	1	3	22	10	12.1	0.33	101.9832778
1347.493259	1	3	5	14	9.83	2.8	120.6390408
1357.518919	1	3	27	17	6.61	8.63	143.4704176
428.9309683	1	4	7	5	9.82	0.46	53.4293828
1088.446642	3	3	22	21	0.89	4.42	114.3668115
1538.063188	5	2	29	11	2.79	1.26	143.6699807
1180.441127	5	4	25	14	9.44	4.23	116.5636925
637.9240613	1	4	12	27	9.66	8.4	60.17029178
1179.03822	3	3	7	22	11.63	6.27	88.87826385
1881.642207	3	1	18	5	6.1	7.39	160.5195649
1698.756686	1	1	5	17	10.87	3.56	140.1872385
1175.198396	2	2	28	23	10.29	9.45	101.699015
1580.579711	1	3	22	19	14.45	7.12	121.8197349
1053.397192	2	3	14	8	3.31	4.28	108.102756
518.4513653	1	4	9	7	8.32	4.32	57.73980688
830.2136047	2	4	26	13	9.07	9.19	66.34739356
1825.155507	2	3	16	18	14.98	5.81	147.6551006
1090.402767	1	4	0	18	3.1	7.09	103.2591593
1102.646408	2	3	6	7	7.9	4.23	104.9636619
1080.064721	4	2	28	1	5.26	2.31	99.48955754
1961.654636	5	4	26	24	7.94	7.26	196.9528312
1850.383566	3	3	12	3	3.56	6.12	165.4289584
2087.512093	2	4	2	5	0.81	5.06	197.2022501
1136.381916	2	2	18	2	8.63	6.28	108.7484605
1318.249795	3	4	14	2	5.1	2.16	134.0637681
593.3429802	2	3	4	18	2.81	7.96	65.17252631
1790.77377	3	4	10	10	4.93	9.49	159.001207
732.8881795	1	4	21	28	0.83	8.92	89.97003906
1286.710226	4	3	17	9	14.26	3.28	120.0957405
761.0789889	4	1	2	11	8.76	4.12	88.56841518
964.4532693	5	4	5	13	12.24	8.1	90.5619766
865.0950276	2	4	2	29	6.4	5.99	86.44838133
956.8498957	5	2	29	29	13.56	5.52	80.18792802
984.3509187	1	1	4	27	7.3	9.27	58.14061266
980.692482	4	2	8	17	8.65	5.41	85.59656474
1533.333565	1	3	27	23	7.43	5.2	118.611582
758.0548828	1	3	18	8	11.03	0.52	73.10692259
1288.216571	2	2	27	14	8.54	0.79	144.9352245
1687.183661	1	4	26	23	4.15	0.17	177.7154499
994.7214542	4	1	12	25	2.27	9.14	91.82319496
912.8324437	5	2	28	2	9.13	4.14	113.3527914
1107.79015	4	2	5	22	7.39	4.74	93.42544127
1671.890083	2	3	10	10	1.53	8.47	133.0985833
1277.643052	4	4	20	9	5.99	6.13	132.9252972
987.5142822	3	1	20	17	7.77	6.13	94.73603974
1393.55066	5	2	26	3	12.42	3.04	146.4806147
759.0831401	3	1	29	27	1.23	8.36	82.85963304
1472.543804	3	1	13	12	5.29	1.74	133.7590497
1363.442923	2	2	5	29	12.36	0.63	110.9598482
1076.876612	1	1	5	28	9.76	2	90.05051662
864.5656806	3	3	16	5	4.42	2.75	110.0959387
845.3276311	4	4	10	26	12.7	2.89	75.00287399
1413.926935	1	4	14	20	7.45	6.74	122.8889289
1691.592201	4	4	8	12	7.53	2.26	171.978905
945.0769012	4	3	20	24	14.65	6.8	86.06167795
1383.354681	1	3	16	25	14.21	1	103.0959398
365.1891926	1	3	23	19	5.44	1.56	40.97006242
966.1529077	4	4	6	4	2.19	5.14	120.8495317
1187.576427	2	1	6	19	4.95	9.23	92.57559586
836.1266332	5	3	29	13	0.55	8.61	89.86974226
825.3974501	5	2	20	12	0.41	9.69	118.3832242
932.8881774	2	3	0	13	5.99	6.54	91.5863518
1316.877091	1	2	24	7	14.12	6.79	114.8576704
1125.068393	4	4	26	15	13.08	6.29	110.8724339
304.7075067	5	2	24	12	7.72	6.27	60.59977459
351.7199389	4	3	7	23	8.52	1.56	49.95737975
957.2539289	2	3	4	14	0.19	5.48	104.8394488
1383.074634	4	1	29	18	3.31	3.92	121.4426672
300	2	4	18	0	0.47	4.48	39.20078915
1000.10793	1	2	7	21	11.34	5.28	72.91185595
989.5008574	2	4	16	1	2.27	1.37	97.58212988
1755.335111	2	3	18	17	13.05	3.66	126.1689913
1045.991275	5	1	11	18	9.69	0.73	108.4847788
1353.195594	4	3	26	7	3.52	9.8	118.9980335
1256.502856	5	3	22	2	2.45	1.27	154.059185
347.7734081	3	3	29	22	9.45	2.66	56.76572831
1507.282887	2	2	14	25	13.52	8.92	101.2927336
1286.158602	3	3	3	13	10.8	4.88	121.4153443
1403.307456	5	4	22	25	5.29	1.44	162.8439379
2770.495083	4	4	11	8	8.85	3.9	246.1798122
366.3548242	5	1	26	28	4.73	1.25	57.74085049
1889.87866	4	4	12	7	14.99	2.08	198.9673279
1085.020992	4	3	13	16	11.26	0.62	92.0221906
1314.931562	1	3	4	22	9.25	4.44	98.34968379
1181.795102	2	4	21	22	6.41	8.09	112.0205191
1030.305467	5	1	15	23	9.31	5.9	119.7568235
972.0668287	4	1	29	15	5.19	6.1	90.04517796
1331.803494	5	4	6	9	0.53	2.09	176.0935981
593.1305213	5	2	14	20	5.99	3.5	74.78200318
1500.231667	4	2	12	9	13.96	8.47	113.3179767
1033.522238	3	2	25	24	9.43	0.97	110.4945953
747.9722644	2	2	15	24	1.35	8.59	65.7095426
1019.994857	2	4	11	23	13.29	4.89	91.72484133
1702.859687	1	1	6	5	4.11	8.39	128.4930781
985.8659652	1	3	15	21	3.73	3.25	82.76076137
1343.381447	1	3	22	16	4.53	3.45	105.3057966
907.6174897	2	4	22	28	8.7	7.54	63.10746355
1503.16874	3	3	26	15	8.22	7.87	136.5738952
1474.203096	2	2	12	14	7.42	2.37	136.8040223
1939.443533	2	1	28	21	10.79	9.73	146.4559012
1129.774422	2	4	22	13	4.82	0.94	99.97441585
1467.461922	2	1	2	3	11.75	0.78	116.411897
1239.227016	3	4	14	3	2.71	6	135.3024576
1718.348713	1	4	27	29	11.76	7.26	136.1548027
912.467045	5	4	2	1	9.99	9.61	108.7021103
1498.002125	1	4	6	28	10.28	4.11	137.8002222
1122.121082	1	1	29	10	7.28	0.35	104.507182
1174.324729	5	3	17	29	10.04	6.07	115.6322723
1236.700994	2	4	13	3	1.29	2.97	154.1992442
1300.896159	3	2	17	20	12.79	4.39	108.4638483
1153.508383	3	4	18	28	0.93	4.94	139.0494244
1285.885273	1	1	13	27	2.32	0.74	123.2336588
1831.247223	5	4	19	20	8.69	4.91	171.1645238
1594.179874	4	2	5	15	11.12	4.32	152.2827784
1547.661837	2	1	28	20	1.24	7.15	132.4529384
1017.78419	1	4	7	3	13.82	6.49	75.78278108
844.3036687	3	2	25	0	14.61	1.93	84.38790095
1582.120223	5	1	25	29	9.13	2.14	127.7303546
1550.418717	5	4	6	25	7.27	2.58	155.0751449
1789.06827	1	2	19	23	11.15	1.87	150.75426
958.4077496	4	1	17	18	4.99	6.61	92.22755502
1108.180538	3	4	17	1	7.45	9.94	115.5720175
544.206335	1	1	14	8	13.75	6.56	42.93242328
1043.011558	4	2	19	22	14.34	6.11	99.78842048
1598.628204	5	4	21	24	13.91	4.16	148.7650116
1013.401848	2	4	18	12	4.01	3.19	101.5608848
1456.191918	3	4	21	17	3.56	9.12	146.4167574
1123.798758	3	2	20	15	4.54	9.69	106.7894825
1329.622811	4	3	20	15	6.68	5.02	109.4822566
740.9234441	1	4	1	24	4.78	2.97	67.65901013
1234.08378	5	2	7	9	5.68	7.72	122.0629896
300	4	1	20	8	9.35	1.41	47.1265924
1125.241537	2	1	10	10	11.46	7.68	93.52322941
547.8107025	2	2	17	24	11.06	8.21	23.48126627
1682.397807	2	3	22	25	12.23	1.34	125.4266076
1510.962941	4	2	12	28	0.58	9.77	129.8364303
1386.668393	5	1	8	25	0.81	9.86	133.2180223
1808.402491	3	1	8	3	11.86	9.37	165.1826175
820.4333917	1	4	16	9	8.04	5.01	63.44223402
1898.945279	3	3	6	2	8.71	2.54	170.7104728
1572.876626	5	2	8	5	0.88	5.86	163.1013883
5526.889426	3	1	21	2	3.9	4.26	103.0282408
1654.248059	4	1	0	26	9.61	2.14	144.9696478
757.482595	2	1	1	8	12.9	4.29	72.08935709
870.1943354	5	2	3	2	13.76	6.67	85.19943557
956.5641107	5	2	13	17	7.56	0.8	107.5889636
988.4089168	3	3	3	7	8.23	3.4	100.8315213
777.3769429	4	4	1	21	12.51	0.28	71.96313591
1689.233227	3	4	7	7	8.11	7.52	156.4818419
1096.45824	3	4	17	14	7.8	6.44	112.7713189
1341.001987	5	1	18	12	13.59	0.72	141.533589
971.8594534	3	4	13	6	11.87	9.65	111.2271937
471.7586798	2	1	19	18	13.65	0.32	34.4278471
1308.022943	3	3	24	7	3.35	5.94	125.0903747
435.0980098	2	1	9	9	7.91	7.79	42.98774205
1172.546382	5	3	16	16	12.65	7.9	107.8767407
652.6739845	4	3	7	0	1.76	0.44	105.8802438
1994.9104	2	4	27	12	11.94	9.07	170.0157394
1564.545089	4	4	13	28	2.83	9.19	147.9680422
1242.301517	4	1	20	25	12.14	5.66	112.2211991
1705.482671	2	2	22	12	9.22	4.87	148.0769754
861.473609	5	4	7	23	2.98	0.54	108.4623352
1417.391751	1	4	4	15	7.15	5.66	127.4152499
1279.924173	4	2	15	28	10.26	4.15	112.3155539
1305.608033	4	2	7	8	9.54	7.75	114.776259
1708.9414	5	4	9	9	6.47	4.1	190.7615322
1492.996841	5	2	26	5	13.5	6.87	132.1864102
1315.489465	3	1	7	4	7.84	1.1	142.4934624
538.0450255	5	3	8	1	7.64	1.42	84.65402827
815.9814819	4	3	17	10	1.03	1.48	95.84267876
1150.916427	2	4	2	8	13.84	0.55	113.5738901
1237.34895	1	4	16	5	2.74	5.46	128.6910768
747.9185101	3	1	19	7	7.97	7.96	90.58349712
2164.67067	2	2	14	8	12.07	6.14	167.6212059
1806.557622	1	4	20	8	3.31	5.79	162.5205788
1440.847328	1	3	26	7	7.96	6.84	139.5158843
1228.814745	1	1	16	11	3.69	3.46	116.0747081
1115.116412	2	1	7	25	11.42	3.68	92.92148803
819.232616	3	2	1	7	8.51	3.21	100.0434858
1230.992207	3	4	16	2	12.85	7.15	116.53997
1303.101016	1	4	17	12	13.43	1.7	88.79173318
703.2957698	2	1	28	18	9.77	0.23	59.69058358
1333.670567	1	3	4	1	10.91	6	137.4192098
1137.89638	5	4	8	16	8.28	9.43	120.53647
436.8769768	3	3	8	15	5.83	6.13	46.12585309
855.8459957	4	1	1	3	9.76	7.85	100.3169743
1034.557787	1	4	1	17	13.63	6.76	92.94925197
1955.075063	5	3	18	13	6.31	5.02	188.7881225
1422.62125	3	1	22	29	4.78	7.21	126.6570204
665.8073724	2	3	26	1	5.89	8.26	62.91604079
1394.414516	3	4	2	12	6.59	2.32	134.1681773
581.0784044	2	2	16	26	1.2	3.43	59.65296007
1633.076422	2	3	13	26	7.53	2.31	151.7538367
1011.550139	1	2	13	20	7.47	4.58	78.80854337
1162.545525	1	4	13	19	8.87	8.86	97.51414492
1730.318659	3	2	5	16	5.51	3.52	171.4074077
685.1345726	5	1	2	14	9.24	3.81	101.9180355
641.152726	3	2	0	24	13.19	8.62	43.86183081
966.5602695	4	3	29	29	14.34	5.2	86.85639745
1615.35154	2	3	15	19	8.8	5.4	123.7685941
592.2615698	2	2	28	4	0.73	8.62	68.4639163
300	1	1	3	6	14.54	4.96	19.6829555
1019.536457	5	4	28	17	10.62	6.85	119.3492462
1420.69632	1	2	0	23	5.11	0.95	109.5346492
1680.1047	4	3	16	10	2.29	1.87	156.0645456
1014.735455	3	3	27	17	2.24	4.1	120.9201837
1035.429357	3	2	17	26	2.6	5	92.38302647
1661.560294	5	2	25	25	0.78	9.66	159.7351349
452.1033201	1	2	7	4	13.54	9.71	39.10271128
1044.59169	1	4	1	12	8.16	8.53	85.07817897
1276.169556	4	3	26	27	10.53	3.22	109.519055
1379.687489	3	3	17	17	12.44	9.64	129.5040959
996.0773227	1	3	26	1	11.89	6.92	95.15290671
1213.776405	5	4	26	19	13.25	3.99	120.3532378
300	3	1	15	3	14.51	7.05	31.08008175
936.7006351	4	3	25	12	6.64	0.26	107.9261597
1381.403485	5	3	9	23	14.26	1.55	133.4822709
807.0823863	2	1	7	28	10.88	8.31	71.47404613
1223.593689	4	4	11	15	1.15	6.49	130.606934
1378.749	5	1	21	5	10.26	3.71	139.9497275
1062.98032	1	1	15	25	10.33	5.06	86.27621352
1268.185508	2	1	11	7	13.6	9.06	109.7445926
814.9069739	4	1	10	15	5.66	6.35	98.31775376
1117.355488	1	4	19	12	8.82	4.04	101.4465513
1444.086468	2	4	18	22	0.28	1.29	134.5002451
1262.789184	3	1	0	28	5.05	3.01	107.9755045
965.3874922	1	2	26	25	1.03	9.79	88.07126621
1289.686562	5	2	2	3	7.88	4.43	133.5939115
1485.843916	4	2	11	1	12.28	4.77	163.6834895
380.0234886	2	2	29	8	3.18	5.04	49.67976842
1663.629626	1	3	8	17	7.96	8.85	127.408837
1065.498105	3	4	20	16	3.14	6.08	113.834865
1370.195973	4	4	28	7	1.9	6.97	160.6478
1678.898769	4	1	21	25	7.71	3.96	139.2343035
651.3305211	1	3	4	14	1.28	0.39	63.81222704
916.223599	3	1	0	8	8.85	9.32	82.35373422
1084.580522	2	1	9	16	0.57	9.5	92.02333614
886.4985916	1	4	16	22	1.69	9.5	68.78970635
1893.97463	2	3	3	1	8.29	9.44	152.109762
857.2911625	4	2	14	5	8.91	8.17	92.17957904
977.7812882	2	4	18	28	0.53	6.88	102.2329341
1281.755613	3	3	26	26	8.64	8.46	104.3928068
719.1401896	5	3	7	4	12.59	6.05	83.87802824
1041.727715	3	4	27	16	10.86	1.43	105.0118365
1326.981305	2	4	27	1	2.05	3.97	125.9701637
1066.855838	1	1	22	17	8.93	9.72	89.94507403
1162.645256	4	1	14	9	10.12	3.58	113.6226239
988.267155	5	1	26	9	0.65	8.69	115.0741375
594.2118763	1	2	6	5	12.84	1.02	61.61263675
1328.637285	1	4	14	26	13.6	3.41	130.5006127
1901.973229	3	3	7	11	12.77	3.57	157.2318778
1207.360652	2	4	29	16	12.39	0.61	101.3051698
1290.105647	3	3	25	26	11.2	1.28	131.5737004
1477.089102	2	2	22	12	9.54	2.01	136.633409
692.2678014	3	4	9	19	10.21	8.39	69.60769635
1881.005863	1	3	17	27	12.12	0.73	146.0716038
1280.931519	4	3	3	15	9.97	3.06	122.2436574
1852.74276	2	1	14	9	4.98	0.2	163.4586144
906.7868018	5	2	10	26	5.7	6.99	78.16116176
1927.224769	5	4	21	20	13.47	6.24	184.7539685
1510.062198	1	1	2	1	0.36	6.49	117.5744026
1421.216034	3	2	14	1	10.51	3.81	125.0466698
1293.609782	3	1	2	22	14.33	2.16	102.2470393
1100.588553	1	4	14	6	10.62	7.23	119.9539281
1680.212663	5	3	5	5	14.91	8.13	155.5130414
1256.143948	5	4	0	0	10.34	1.47	142.0721408
413.1721186	3	2	13	11	0.61	4.92	50.11087438
753.1254153	2	4	15	12	12.42	2.56	82.98532335
1125.661699	4	2	0	11	4.34	1.76	148.4557482
1323.999593	2	1	20	18	6.75	7.37	115.8389783
1177.364604	5	2	16	8	4.75	5.43	122.7901229
1687.588316	2	3	25	9	4.1	2.24	137.4776704
419.5592544	4	3	7	16	6.53	3.17	66.1296627
1257.435175	2	3	17	17	5.74	9.67	101.6113492
472.8083098	2	1	15	7	9.54	8.5	36.51890476
1503.884918	2	2	5	6	12.22	8.81	135.915901
1162.216514	2	1	9	8	4.53	4.65	103.0850244
1367.843989	1	4	9	9	3.28	6.28	127.0260939
854.4468158	5	4	4	11	10.04	3.83	107.2416087
1711.785973	4	4	25	14	10.09	0.87	157.0782392
1616.689866	5	4	27	14	13.53	4.07	141.9536139
1433.417721	1	3	11	27	0.34	5.98	129.6244536
1148.193101	1	2	19	3	12.81	2.94	106.1749514
1431.942914	1	3	16	3	7.86	8.49	120.0557847
917.2429728	1	2	13	22	9.36	1.6	69.59612788
1542.222264	2	2	13	0	1.46	3.73	138.6408277
1859.792358	5	1	2	25	6.55	1.34	177.4862982
1628.244224	3	4	28	11	3.49	4.11	178.4725188
908.1590121	4	2	11	24	3.89	0.49	105.9081718
1344.566927	1	4	19	1	7.61	2.8	126.7814847
682.7433825	5	4	17	14	12.21	4.07	88.87602439
1428.956124	1	4	11	16	11.18	4.83	112.718412
1380.241365	1	3	1	6	8.91	5.48	125.0273455
452.0734642	1	4	1	5	8.14	2.82	42.78920655
735.2864624	1	2	26	11	6.47	5.28	66.11306342
1086.744441	1	3	16	18	14.59	5.14	96.07648958
1079.656101	4	4	9	0	8.45	3.23	128.7688688
716.2092258	5	1	17	27	3.88	8.32	81.16949018
1355.591492	1	4	21	20	3.53	5.5	125.9740876
1300.589444	1	4	18	25	9.21	3.39	102.4219325
1122.292347	1	3	25	13	7.89	9.48	96.65619451
897.6833999	1	2	20	3	0.21	8.47	97.11942753
1619.482851	2	4	0	4	12.47	9.83	139.2990836
1862.162845	2	3	23	0	10.59	6.95	162.6592095
1006.575406	3	3	28	0	9.96	3.84	99.79977919
955.1332331	1	2	3	20	1.12	2.88	85.91316772
1396.483066	3	3	24	5	5.49	6.67	128.5614118
1056.788248	4	2	3	4	14.04	9.81	99.08777704
1144.24112	3	1	29	1	12.95	6.3	100.256533
1495.861261	5	4	1	24	4.35	8.83	132.6424443
436.257565	2	3	18	20	2.44	3.36	79.29402847
1727.32093	2	1	20	26	6.79	4.13	131.3593928
1229.07221	1	3	11	26	5.4	9.07	99.24283811
5177.013711	1	3	9	4	10.27	7.59	92.0478984
1164.306338	4	1	12	25	14.5	9.82	88.03983089
1184.971742	4	3	28	8	5.51	7.77	121.0725611
507.5194786	5	3	29	18	1.03	4.54	67.54811039
1797.975291	1	1	21	20	13.47	5.36	143.6578164
1216.530253	1	3	22	14	0.67	9.02	111.0800347
1377.200852	4	2	19	12	14.3	5.56	130.7520008
1580.619908	4	3	22	11	10	2.63	165.5445494
791.535017	4	4	14	4	14.13	4.41	85.02651392
1389.38876	2	3	25	1	3.07	5.21	144.5335902
1092.943564	3	4	2	26	0.71	1.06	130.0989366
1538.70831	3	4	22	3	7.37	7.46	147.5499877
349.1090319	1	3	19	26	6.81	1.18	41.72371505
1160.36228	2	1	28	26	5.04	4.11	93.84016455
958.8717377	4	2	12	17	14.37	8.07	97.48185937
1372.90518	1	2	7	20	12.36	4.73	102.2184317
1388.017675	2	3	24	9	9.96	8.44	128.868048
916.9496421	5	1	6	12	2.53	3.48	114.4871503
915.1304543	2	1	23	11	11.04	9.58	63.00866534
1155.733853	1	2	7	1	10.93	2.17	96.43960929
841.3431091	3	1	17	25	6.43	0.48	72.63564334
1536.793478	4	3	8	14	13.88	8.74	147.0948071
1052.31712	5	3	5	13	2.59	7.55	105.7838932
300	2	1	26	24	4.08	2.4	36.44089231
1050.071177	1	3	3	9	1.04	9.85	106.6424713
784.5824717	1	4	14	21	11.95	5.07	67.56448756
547.4896738	4	2	4	7	9.36	9.52	75.19850398
705.0293447	1	3	25	24	4.79	5.1	44.32840879
1243.763389	1	1	4	14	2.54	4.77	114.7162266
1731.456331	4	2	6	12	0.7	4.55	167.2189748
1325.27379	5	3	29	7	2.58	3.42	130.6386244
957.3986447	3	2	8	20	6.85	5.38	79.2569131
1382.361678	3	1	6	20	3.78	4.58	141.0399487
1016.363876	2	4	8	21	3.96	0.46	109.0113238
922.1598523	5	4	19	13	13.15	2.68	109.3678674
738.2549327	2	3	9	0	7.78	2.21	91.54603905
499.2684773	3	4	29	12	10.97	8.69	42.25723668
1044.030517	4	3	25	26	0.63	6.03	111.3997253
1263.221396	1	2	3	7	5.54	7.66	121.7658981
1161.350532	3	3	5	17	7.24	9.57	103.0380171
1033.613229	5	3	23	21	2.88	6.48	126.1735225
821.7015757	3	3	13	29	1.89	9.83	73.97806066
1443.298477	5	4	8	29	13.07	3.19	135.97549
673.147232	5	3	0	8	14.1	1.94	84.35511885
1510.411166	5	1	16	12	1.27	4.09	160.5828775
799.1131924	2	3	12	2	5.3	4.76	83.88369079
899.0259051	4	2	23	17	14.38	8.96	90.11919359
613.2859238	3	1	26	9	1.34	5.64	75.72301866
999.4391412	4	2	6	4	9.69	2.99	88.54719513
1590.124983	1	2	8	26	14.59	7.45	135.107725
1406.251235	3	2	10	24	14.68	5.11	105.2174449
1591.368845	4	1	2	5	7.12	1.71	172.0875131
1408.857018	4	1	25	29	2.52	5.81	126.9597071
758.5320686	1	4	11	7	3.11	9.12	74.71548057
1067.68431	5	1	20	23	13.36	8.44	98.12312658
887.9203484	3	3	2	6	13.68	5.91	78.90349533
1732.229962	3	2	14	20	9.16	3.83	131.6632442
721.2845414	1	4	20	17	11.52	0.96	65.51767635
1557.479076	5	1	9	13	11.12	4.75	147.7048542
1557.181548	3	2	0	14	9.96	7.55	150.9602234
1931.848081	3	1	13	9	12.43	3.67	153.2822429
1036.125363	3	4	26	25	10.31	2.43	103.8762615
1484.928864	5	1	19	20	8.06	9.32	133.6273078
2112.660735	1	1	5	11	3.63	8.23	175.9032762
952.9433292	3	2	1	6	11.18	6.42	100.4039152
585.983901	4	3	28	27	7.15	1.45	62.52448369
447.9959864	5	1	22	27	4.49	1.53	60.40293867
1485.084812	2	4	7	6	12.05	1.12	148.3501628
446.7399168	1	1	0	10	10.48	6.2	46.4991972
1051.072379	4	1	28	12	14.07	1.24	86.00693846
1374.925275	3	3	3	14	2.57	8.44	126.028642
1274.070215	2	2	26	17	9.77	9.93	103.3203536
1370.177946	1	4	3	6	3.74	3.73	139.2816214
1288.915942	5	2	28	5	13.56	4.59	124.1572473
1711.546325	2	2	4	22	1.58	7.15	150.1350852
819.0734477	2	2	29	10	9.88	9.38	84.66896771
929.2019446	4	1	27	7	11.89	8.95	84.02156369
890.9362219	1	3	27	19	5.39	0.67	98.50248532
1532.076725	4	1	19	0	14.32	1.77	125.9118013
1560.159435	4	4	8	7	12.78	7.57	142.9932404
1380.490128	3	3	22	7	4.49	6.92	121.3637652
1673.397467	5	2	12	18	0.21	1.42	170.650783
728.783653	2	3	17	2	4.52	5.07	89.33260846
1866.889645	1	4	16	4	4.29	7.83	166.3270055
1809.295449	5	1	24	29	13.36	2.27	150.6513318
1494.248799	5	1	0	2	14.51	8.73	123.5477084
1912.719564	1	2	21	14	1.15	0.62	186.9549142
537.3507169	5	1	14	13	7.12	7.84	64.44793872
990.2207455	3	1	1	20	8.27	6.2	82.81222946
905.8786157	5	4	15	14	1.48	3.22	128.7436134
1488.59173	3	3	19	23	5.72	7.24	130.4108848
779.9437042	2	1	21	16	4.82	7.85	61.22787306
1502.99806	2	4	4	17	8.09	9.35	124.4490392
1748.214458	4	4	26	1	9.95	3.74	162.8527571
1478.08116	3	2	21	11	10.58	6.89	119.8782111
1313.500409	2	4	18	15	2.14	6.07	120.2216673
804.8506636	5	2	4	3	12.21	5.3	114.1455594
861.2596135	1	1	1	24	10.21	8.92	49.01453943
1699.847562	1	2	6	1	13.35	0.13	130.4422854
1511.739602	3	4	2	27	6.8	2.89	141.7474628
1184.392192	4	3	16	13	13.42	5.43	111.0437116
1032.836182	5	3	29	10	13	1.87	116.1313041
389.6768508	3	1	23	12	6.63	9.09	37.40530486
771.6590325	1	1	23	27	5.78	6.51	50.40358873
1964.567635	3	3	2	24	14	4.83	180.2386085
687.8177716	5	2	12	6	10.76	8.17	62.46052588
1275.791928	2	1	6	9	13.93	4.56	108.8053433
1602.977589	5	4	24	23	11.97	5.63	156.7732364
698.0309328	2	1	23	0	9.18	0.13	80.93949585
1273.88419	2	2	2	28	1.83	3.72	110.7049225
1575.166215	2	1	14	20	4.44	1.47	125.0270783
1204.999729	3	4	28	24	14.54	6.93	118.4031186
2347.361222	1	4	17	27	4.86	4.84	192.1294552
532.5602964	3	4	28	3	1.49	3.09	94.14480353
1623.491412	1	2	9	17	10.64	4.73	134.5080524
1130.879305	5	2	22	5	11.04	2.18	114.1391043
1508.768062	4	4	6	1	4.35	9.26	158.5078754
1376.522861	5	4	8	2	4.54	0.63	166.6778484
906.7375212	3	2	4	13	7.09	8.67	87.4158842
6457.992785	3	2	19	7	0.42	5.16	123.8200601
456.8394194	1	2	7	15	11.86	6.23	17.95562361
1441.299	3	3	13	18	4.82	3.1	132.7973513
1319.263386	2	2	3	17	12.82	9.67	112.9974767
1455.464067	3	4	19	5	12.06	2.89	129.0497869
1623.24733	1	3	27	13	9.95	5.93	142.487407
1347.047936	1	2	13	2	4.94	9.93	119.1738256
1259.235768	2	4	11	15	7.79	8.82	121.2898148
847.5726653	1	1	1	0	6.73	5.41	55.00949422
915.1116945	4	3	12	11	5.15	9.9	83.40558424
1674.693848	5	4	0	29	12.74	7.04	145.9295245
1774.534162	3	1	19	13	7.3	2.17	176.6294637
1104.755825	4	4	6	18	12.51	4.12	100.5297844
1218.401099	3	2	27	21	1.67	3.41	116.9722548
838.15425	4	2	24	18	2.2	3.51	115.1116469
1669.102738	3	1	8	8	14.66	7.63	143.1185901
1466.166729	2	2	27	6	8.86	5.88	138.5536393
1976.486975	1	4	25	13	7.7	0.48	167.5717108
848.6707691	1	1	16	4	7.9	8.79	84.17152894
1048.79684	2	4	20	17	3.31	3.04	119.3136966
1292.578369	4	4	22	8	10.81	9.97	130.474252
1458.595815	5	4	12	20	1.36	9.55	148.5558958
1113.732945	4	2	22	6	8.64	9.41	114.7969081
850.8155638	1	2	9	8	8.6	8.13	56.98438656
1552.563012	5	4	15	3	13.72	2.28	167.3033799
1488.454145	3	3	5	24	7.94	5.37	123.7611146
833.4903598	5	4	15	16	2.14	2.32	103.4692468
8710.885602	4	4	10	11	8.63	2.67	181.5577183
1668.079484	2	1	25	5	1.46	6.15	163.2499812
1253.718599	3	4	19	17	3.14	0.5	113.4182107
1231.839145	4	2	2	7	0.56	9.7	118.1418464
1421.623108	3	1	27	20	7.75	9.19	126.4789822
855.3187719	5	3	28	14	1.36	3.87	88.30342709
1212.012592	1	1	8	2	7.09	5.2	120.4864697
339.0465822	4	3	14	1	14	4.71	51.23497734
1550.582258	2	1	27	23	10.82	8.83	134.6277564
575.402711	5	1	12	22	1.25	6.92	63.54734829
1801.367931	4	3	9	8	3.44	2.85	171.139718
1067.951962	2	2	19	7	10.14	4.52	107.493687
1115.333207	4	2	23	26	13.43	4.35	94.66692982
948.9064376	5	2	12	3	0.59	9.6	99.61530016
1084.78445	4	1	16	1	12.21	1.84	113.7734758
1767.412538	3	4	6	13	8.47	0.99	150.0132753
300	5	1	27	28	8.24	8.82	50.47734263
1710.786154	4	4	5	1	14.37	8.98	160.7769768
1335.209392	1	4	12	1	11.24	8.73	108.9481866
717.1913409	4	2	27	29	12.77	5.16	75.87518784
769.8750428	3	4	16	26	5.37	6.63	90.46985734
1870.557211	2	1	14	27	8.36	5.68	149.605901
821.797248	2	1	3	21	9.27	0.79	94.24186708
738.6597958	2	2	27	6	4.89	6	98.94823162
1654.925817	1	3	14	11	8.6	0.23	148.6235519
1335.421151	3	1	13	5	3.63	3.32	140.9757531
824.8297694	5	4	20	17	2.24	9.33	112.4224338
1286.64999	2	1	10	3	5.67	3.11	108.7907647
789.6989265	3	1	23	18	11.12	9.4	69.17907677
1640.328559	4	1	3	26	13.75	2.58	130.843926
1624.548386	1	3	2	12	6.92	3.21	133.8628553
1412.80248	3	4	1	19	9.68	6.32	130.0682665
1344.664424	3	2	19	20	1.64	7.64	127.4605666
1904.47525	5	1	26	22	13.58	5.06	147.893924
1199.874531	3	4	9	29	8.57	8.83	109.5791152
727.2503498	5	4	29	24	11.73	0.5	81.19455004
1379.789565	1	2	12	26	11.94	9.23	115.6503544
2034.41882	1	1	19	1	3.92	2.04	190.5446115
794.0962027	4	3	28	7	7.98	8.85	78.81161136
1055.414893	5	4	25	18	14.41	4.07	120.0124752
1366.578415	5	2	20	8	1.44	8.34	148.2858266
1178.43806	2	3	28	25	10.28	6.75	95.85623497
807.0785678	2	4	22	27	14.44	1.84	64.14449557
1648.743142	4	1	24	3	4.58	9.19	144.0749874
2128.016289	1	4	17	15	12.94	2.53	165.0093247
1278.452584	2	3	20	18	14.01	2.52	90.17691729
838.3726841	3	3	15	9	11.23	8.16	81.77463202
580.41579	1	1	10	5	3.55	1.15	41.1527137
1303.190392	3	1	9	15	5.08	2.3	113.1540723
1641.550937	5	2	8	9	0.63	5.09	174.5645702
1390.067099	1	1	11	12	12.49	8.32	121.4940161
1199.038464	4	2	29	8	12.76	1.56	104.8789303
964.2913393	5	3	28	6	9.53	5.52	113.3873844
763.1345469	5	3	18	3	5.35	7.14	93.32191459
1533.900531	3	4	0	18	1.24	8.62	142.1659811
1565.508649	5	4	17	25	11.32	9.36	145.2153626
581.7080853	2	2	13	3	10.93	7.87	50.0761833
1835.935591	1	1	21	18	13.7	6.56	138.3450938
1429.628488	2	1	20	27	10.98	4.39	112.8916394
1759.837858	3	4	0	18	12.45	1.21	169.4848404
663.1489006	3	3	16	11	11.21	7.13	81.17087109
653.6703378	1	2	10	29	9.5	9.93	38.46416551
1140.412276	5	3	19	12	6.46	7.39	117.8695798
1401.113771	4	3	27	24	13.54	0.27	135.667212
1918.544329	3	1	14	3	9.8	5.01	167.4059111
1482.431566	1	2	3	24	6.04	6.19	127.5378243
1102.927489	4	3	14	27	1.34	6.93	120.6041962
789.4523169	5	4	21	9	4.43	7.23	109.7480339
1692.000229	3	4	21	20	8.2	5.63	153.8937858
814.1178297	1	1	25	6	4.21	2.31	66.59463709
1851.387422	1	4	13	29	3.4	9.43	152.3078332
1086.24614	1	4	21	4	7.96	7	96.67484957
1836.232829	3	3	0	16	2.63	2.44	180.5620158
1471.572516	4	4	25	17	12.03	3.29	154.4125055
1145.201804	1	4	8	10	7.32	9.23	117.9844816
992.2414513	5	3	26	14	8.65	8.89	112.7425681
1063.636849	1	1	6	20	2.3	4.11	82.69513086
1371.326677	4	1	22	21	4.94	0.48	144.9256826
1230.862598	3	2	10	6	6.21	0.58	127.8182369
962.4754368	1	4	22	17	12.14	2.91	75.35425468
1133.747436	1	3	1	25	11.58	6.33	96.85907041
1231.430812	5	2	1	24	3.42	5.88	121.4959781
348.5063622	5	1	5	5	9.28	6.37	32.65316547
1383.267246	1	1	22	17	3.73	7.2	105.1225042
808.1115101	1	3	18	15	14.82	0.29	67.47968559
738.6670387	5	2	28	1	14.29	1.14	85.48576761
525.0622612	4	2	19	18	8.49	3.66	50.23944522
482.4430009	2	3	13	0	10.51	1.63	66.19016726
657.8209988	2	3	27	24	12.04	0.85	64.69534552
916.3916169	1	2	2	29	10.84	6.45	52.28570316
1981.303655	5	1	6	25	10.53	8.17	196.1661921
989.6481296	3	4	6	10	14.38	7.55	80.72997054
1271.100043	3	1	3	19	8.99	8.19	103.2705414
1360.192555	2	3	28	4	9.58	6.69	127.7214453
6262.130372	4	2	22	15	12.75	7.38	107.9445674
1169.022616	2	2	4	22	10.08	2.79	113.7365736
721.8824946	1	4	16	0	11.02	9.93	66.82970665
1780.371019	4	2	25	18	3.59	1.91	159.3764972
1922.878657	3	4	3	13	5.63	2.22	186.9434931
526.9365224	5	1	22	2	2.29	2.96	50.04481978
790.3885636	5	1	12	1	7.64	9.76	94.0932752
1088.075863	1	2	15	23	6.89	9.88	98.27331755
814.184882	2	2	15	4	14.96	7.97	46.74006843
1402.386221	1	3	1	16	9.21	6.33	113.0348711
908.691119	5	3	17	27	11.82	5.25	73.34950909
2066.022427	3	2	0	17	5.08	9.71	179.0490804
1676.219438	5	2	17	0	12.49	6.99	181.9527587
1285.029612	4	1	25	14	9.26	9.45	117.4230985
1610.794505	5	2	29	21	10.49	3.23	147.005595
1642.36017	5	3	7	8	4.49	3.4	140.0370807
974.4210048	4	1	10	26	8.27	8.56	75.12045605
873.5131022	2	4	23	22	9.55	1.58	81.82685902
1231.257225	5	3	23	4	8.88	9.46	128.2081606
1544.65445	1	3	14	27	13.74	5.12	121.9195088
1255.624159	5	1	15	12	13.48	9.27	121.5388797
569.2014071	1	4	16	18	14.57	3.43	39.25142921
878.8702224	4	3	16	27	10.04	7.19	83.41051641
1170.410855	5	2	11	27	14.58	4.88	99.76979359
1169.733758	4	3	9	23	12.5	6.31	96.64726426
1989.016871	4	1	19	9	4.14	5.09	174.8627575
645.604823	2	1	5	19	6.47	9.67	60.0570703
1402.235697	5	1	7	24	3.65	6.95	107.5965865
1795.645243	1	3	12	20	0.16	2.59	141.8369186
2108.579898	1	4	1	13	2.9	9.11	215.0902933
1038.241031	5	2	28	21	0.16	3.01	109.3142211
1396.571781	2	1	18	20	10.83	3.78	128.3943859
1427.904143	2	4	21	25	6.44	1.11	129.469741
1278.192693	2	2	9	11	4.76	9.01	109.2196838
1160.46192	1	1	3	10	11.45	2.93	101.3249364
1374.390156	4	2	11	22	12.5	2.66	123.6291413
300	2	2	17	6	14.63	9.21	25.28526008
1472.827796	1	4	6	16	9.67	8.07	123.3262869
1250.471161	1	2	19	17	6.98	1.5	111.902028
1111.010041	4	1	23	6	4.65	7.72	105.2427287
2018.744878	5	4	23	23	3.41	9.14	185.7769851
930.0263925	5	3	22	19	3.27	0.88	99.49875446
1038.769604	2	3	25	5	6.2	8.27	88.47101154
1996.621321	2	4	24	10	14.88	5.52	187.9585391
867.1754781	4	3	3	11	0.11	6.73	93.29551483
979.9538868	2	2	6	25	3.04	4.98	99.25026204
1141.189831	4	1	9	15	2.91	7.01	109.1368957
1536.293793	1	2	25	18	10.79	0.44	132.0082654
1283.121003	2	4	14	22	5.35	7.65	116.0905107
682.9498611	1	1	11	26	6.91	0.43	38.08719582
987.1325747	3	4	0	18	2.31	4.61	105.8000812
957.0582267	4	4	19	10	6.13	1.59	115.9939077
1169.111582	3	4	17	15	1.64	8.25	109.9111079
1370.337463	2	2	24	22	8.04	3.21	140.6281446
1367.282302	1	1	15	27	1.56	4.6	121.4524917
489.5952984	2	1	4	26	11.88	4.34	44.64931831
1625.576395	3	1	18	11	8.54	7.75	150.3698286
1301.027538	2	2	3	26	10.89	4.86	81.7858149
1753.812819	5	3	5	7	6.34	7.91	178.9176683
1377.679331	3	2	25	2	5.78	0.83	160.3751367
1640.529183	2	2	16	1	1.56	2	165.8644724
1386.618125	1	4	6	27	7.91	5.56	112.8614952
1738.490302	2	1	23	5	7.77	9.48	136.5180369
1408.900254	1	1	22	15	7.07	0.84	106.9374779
1160.833901	5	3	6	19	11.13	0.53	105.2673629
2108.973888	2	3	8	23	12.5	1.65	170.893599
1555.614849	5	4	12	28	11.29	6.45	133.0598456
1429.497768	3	1	19	14	2.24	4.05	132.9120831
689.4782334	1	3	13	13	9.37	8.27	61.83764557
684.676953	3	3	15	1	1.3	0.81	73.8677282
1317.086193	1	1	22	19	10.45	2.04	97.04399754
1258.208479	5	2	8	17	5.79	3.07	122.9621811
954.350974	4	3	14	13	2.07	6.3	100.2514556
1256.39308	2	1	4	17	12.94	6.88	99.15859717
1835.450771	5	3	17	1	9.25	1.33	184.4198843
1478.16099	1	4	20	0	5.39	9.44	131.9899664
743.5965961	1	3	19	19	0.56	3.48	68.80713238
1155.396469	1	1	7	1	8.11	7.16	99.26558227
878.0134077	1	3	14	8	13.86	5.29	88.80003909
1044.920033	2	4	20	8	8.99	2.31	89.40304331
1034.553734	3	4	24	15	14.58	8.48	104.301157
1008.941767	4	3	8	10	2.13	8.2	94.26269841
697.9458512	2	3	18	26	8.57	4.02	66.9540072
1148.938127	1	4	28	22	11.99	5.93	104.2791781
975.7569453	2	4	25	5	7.93	2.65	87.68951209
300	5	2	21	11	1.46	6.93	60.71160358
2021.18881	1	2	5	2	8.79	3.16	163.1566095
1635.507862	4	4	3	29	9.21	8.46	157.2237862
1049.47971	1	3	10	11	10.96	2.25	76.50556209
1207.52762	4	1	28	29	11.44	0.25	97.24947874
731.3382611	4	3	9	22	11.58	2.76	76.71685924
1878.289151	3	3	2	0	9.99	1.99	182.79787
1958.915478	3	2	0	8	3.32	5.13	181.5524073
1262.677491	2	2	11	19	6.12	2.12	118.4256058
1609.412258	2	2	22	21	11.66	7.66	123.6408142
1270.114712	4	4	14	5	14.31	2.49	116.0341113
665.3098244	1	4	14	10	1.28	7.1	87.65491279
1035.270652	5	3	20	2	8.08	5.83	121.4493007
1252.771187	5	3	13	3	4.76	9.86	129.244345
1018.180913	1	1	25	28	3.46	10	61.76494965
1112.538689	1	3	6	26	7.64	8.71	101.0988263
1163.440177	3	3	16	9	9.13	7.62	123.1667578
1167.648601	5	2	23	18	0.25	3.93	124.7932435
1220.903396	4	2	18	28	11.73	7.56	97.94214378
775.7579734	2	2	6	5	12.32	9.57	65.52767419
913.1935403	3	2	27	0	14.49	0.33	89.29560798
686.1662937	5	2	2	7	2.79	5.43	97.39667264
1591.12622	1	1	29	7	8.96	2.26	122.8515012
357.7412233	5	1	2	24	6.46	5.62	41.53525223
1661.436137	4	1	25	5	5.09	4.72	156.6942069
1754.539759	3	2	24	16	8.53	5.8	156.0710868
1079.127765	1	4	28	18	11.76	5.55	99.44201245
300	4	2	17	0	0.44	9.61	59.89380568
1055.475775	2	2	29	14	14.54	5.57	104.0551065
1174.326335	3	1	19	12	12.17	8.48	89.64264098
795.760712	4	2	21	20	11.29	3.27	93.11321384
993.9126425	4	1	13	2	11.43	4.44	89.70626268
1812.07808	1	2	2	29	5.9	4.76	141.6252122
1465.970865	2	3	27	1	11.3	2.86	138.8018999
830.1743542	4	4	25	2	5.86	3.86	114.0726492
560.9603322	3	4	29	8	13.49	6.03	57.92828179
1069.193073	4	1	25	26	2.74	5.84	106.500595
1114.617288	5	3	6	15	4.46	6.4	117.0411452
1398.479675	3	4	6	23	8.31	3.58	106.5867236
985.873315	3	1	4	12	4.86	3.23	97.06950702
1404.59983	4	2	2	18	6.42	6.16	119.3206927
1974.061616	1	2	17	26	7.44	1.42	173.5758199
1526.200409	3	3	14	17	12.86	2.61	147.8600957
1180.764597	5	4	19	20	7.9	0.52	118.2051909
1126.739812	1	2	13	11	5.5	0.82	93.48623253
1057.330746	1	1	28	27	3.79	2.51	81.24065561
1672.256365	1	2	3	28	6.19	0.29	143.4444564
949.0746216	3	2	26	11	7.78	2.53	100.4295818
1218.089084	1	4	23	0	11.22	6.58	144.7996337
1220.479161	4	4	7	19	1.9	0.7	129.2115371
4996.431614	1	1	28	7	3.4	4.42	92.74060247
651.0137808	5	3	20	16	5.76	9.14	98.17443251
6645.949007	2	3	12	20	5.47	7.93	120.290596
1175.598411	5	2	21	27	5.94	3.12	106.0431162
1400.096188	3	1	7	19	11.92	9.26	117.2153548
986.5598774	1	3	14	21	4.93	3.36	95.86894332
1688.32852	1	3	16	6	7.58	0.82	147.8973294
849.2904875	4	2	4	8	9.4	9.94	93.66403557
1884.816114	1	1	19	16	3.56	8.71	161.6081896
500.9453961	5	3	3	26	10.81	4.71	54.751181
1373.908026	3	4	10	9	8.25	6.7	147.669672
1390.172273	2	4	17	3	6.76	6.75	125.3659888
881.7771728	1	2	9	21	12.17	2.03	74.18729161
1369.757575	2	2	16	25	3.73	2.08	115.9194668
1711.807468	1	2	29	6	13.26	4.75	123.3035203
313.2724643	3	2	14	6	8.46	9.12	44.19751692
1401.097923	5	3	5	7	9.18	0.2	165.7051137
300	3	1	22	29	13.14	7.85	19.91358927
813.7340786	2	2	20	25	12.28	0.67	53.39247569
1851.666546	1	2	15	23	9.06	4.83	150.1179043
967.2871866	2	3	14	23	11.32	6.41	72.98414618
730.4480142	5	2	7	7	6.56	6.9	98.08176271
1120.824908	3	2	8	15	8.26	0.68	105.4236485
2027.162535	2	1	10	11	1.02	4.24	162.3313794
467.3271011	2	4	26	14	1.44	5.88	66.03940794
779.4760353	5	2	1	7	12.46	0.75	91.39485925
1798.972673	1	3	26	21	0.99	1.44	157.0790306
1943.080937	2	1	12	8	2.62	6.67	160.5784485
1158.62751	5	3	3	2	11.96	5.26	140.0215748
704.378919	1	1	26	21	0.12	1.7	62.8272282
2038.337401	1	1	8	20	4.31	5.4	175.5459738
1837.776957	3	2	4	15	8.8	9.14	153.0175376
1471.578795	5	2	18	14	8.97	0.25	152.5705457
875.0390604	1	2	21	23	11.68	6.46	65.85364649
1180.388264	3	4	2	3	7.64	0.83	125.379209
1135.855968	4	4	29	19	7.69	0.16	110.7477402
1332.340522	5	3	20	28	10.91	1.59	132.5046858
1780.400575	4	2	2	15	7.53	4.29	177.5152819
1551.766816	1	4	5	9	9.17	8.04	123.8615515
769.0495692	5	2	27	10	13.48	2.89	75.71313127
1750.59858	3	4	9	25	6.08	6.29	186.6656826
1325.252856	1	4	4	28	5.84	4.17	103.6602101
1474.826318	5	1	29	4	0.15	2.42	151.3243353
1786.616344	5	2	24	10	9.24	5.19	182.5263114
755.3679002	4	2	2	28	0.54	7.99	94.52769193
1185.669769	1	4	21	12	7.61	8.34	80.76875071
987.4181795	3	2	23	14	12.08	8.48	94.3677135
572.8562299	3	4	6	5	8.29	3.45	70.67045074
1338.683991	1	2	21	15	4.12	7.96	112.7891701
2204.622621	1	1	29	14	11.81	2.2	188.0890455
463.9689022	2	2	17	10	4.12	7.41	48.7637529
1187.087756	4	1	22	19	11.02	9.49	97.53151681
1456.217174	1	3	7	1	9.19	0.24	130.5620463
1249.231281	1	2	0	27	2.63	4.46	102.2234759
1154.748779	2	2	24	27	13.59	6.51	91.83747245
680.3134546	2	2	3	29	3.09	7.05	74.81037563
1293.114697	5	1	23	1	14.84	1.84	130.9446938
897.2944092	3	2	25	11	0.21	9.72	94.12690892
324.031318	4	2	6	15	4.03	6.19	55.09839308
1677.836888	5	4	13	18	3.08	1.73	179.9489124
1583.354328	1	3	12	1	0.31	0.3	160.3364498
1220.664391	2	1	9	16	11.01	7.85	91.48810188
1291.629875	3	4	22	13	10.43	0.89	129.8484351
1629.727205	5	1	17	23	11.91	1.5	125.1906581
1289.735863	3	4	0	27	3.92	5.79	137.6820835
1561.607022	2	3	3	15	6.72	6.07	153.819374
1081.00712	5	4	27	4	9.92	6.9	127.9505799
1724.793495	5	1	15	9	6.65	4	177.7628242
1328.31429	3	2	15	16	10.49	7.76	114.7275231
1277.620777	2	2	17	12	9.55	9.75	100.4447964
691.9755645	1	3	7	15	1.81	2.78	59.92301757
1314.782342	5	1	9	8	11.74	7.06	134.5279633
867.218033	1	1	15	23	10.84	9.29	52.9312934
944.6869094	2	1	22	3	9.87	6.89	80.98133125
873.8497487	5	3	23	23	2.41	6.84	101.2853609
773.5060272	5	2	10	28	4.09	2.32	86.74178329
2049.908561	1	4	5	27	5.96	5.4	173.6684127
1732.535625	4	3	0	28	4.27	5.67	140.8616768
1968.147001	1	4	29	25	3.49	7.03	164.8047966
710.8419922	1	2	28	15	12.1	9.97	61.11299254
1228.5015	4	3	28	22	9.61	0.43	115.0859469
682.5969499	2	2	11	26	8.53	0.75	53.15012183
921.7220491	2	4	24	10	3.47	0.87	110.4257119
832.7492066	5	1	5	6	13.78	7.46	79.87341938
1695.833603	3	1	27	16	2.95	1.45	157.811577
1041.508129	3	4	12	21	11.94	6.26	93.38021146
1627.351733	5	1	25	12	14.5	3.31	147.1358024
1441.648356	3	4	16	3	10.93	4.63	154.3079714
2121.455501	1	3	0	13	14.89	2.24	178.2757978
608.2223107	1	3	7	9	9.8	8.67	42.24393474
1703.693296	4	3	21	9	3.34	5.9	163.3466416
1658.576348	4	1	7	9	3.14	9.45	150.7319794
810.6484648	5	2	23	26	4.94	5.79	89.45559204
1602.853335	5	1	10	11	0.21	1.33	173.5001001
1334.457985	5	1	13	1	10.26	1.79	135.8310144
1109.009496	1	2	23	25	4.1	9.89	89.41337754
870.4258052	3	2	9	22	12.25	7.28	51.79452221
912.3562194	5	2	14	8	5.45	0.59	121.2169457
2019.924838	5	2	6	28	7.25	7.07	177.5593164
1200.273128	1	1	6	4	14.49	4.18	98.8762619
1512.852001	1	4	9	7	3.71	3.14	145.1269563
883.6402473	1	3	3	20	10.85	1.63	67.6749338
888.0588215	3	4	24	13	11.35	8.42	83.7496283
1632.793924	5	1	27	6	3.39	0.73	158.2005824
660.1695154	2	2	17	6	7.56	2.97	83.19885872
1033.914493	2	3	26	8	5.32	3.13	81.5866288
1213.610964	5	3	24	2	11.6	1.69	120.2836426
1244.549041	5	4	9	13	9.38	5.13	126.483225
1128.362686	5	1	18	16	7.19	0.22	131.439972
1358.327912	5	1	13	17	11.71	3.08	133.7283962
1477.142302	3	1	12	11	3.6	9.34	117.4989813
1493.855018	2	3	14	21	11.33	3.17	125.7213071
805.6784765	4	4	15	13	12.99	3.67	93.64358821
1086.337961	2	3	1	25	13.19	4.78	111.0240683
1677.905145	2	3	28	25	11.78	5.66	133.670933
1557.858875	1	2	3	27	6.18	8.11	111.3803293
650.8562194	5	4	20	12	14.73	1.98	82.03218024
1340.59196	5	2	17	13	5.76	8.73	132.4185008
408.7099003	5	1	28	8	9.62	7.6	58.70587873
1218.773961	1	3	16	18	2.5	7.25	115.6066662
1959.106807	3	4	9	25	14.71	0.96	171.0078615
820.8429131	3	1	26	1	10.59	0.31	90.49340028
866.2707818	4	4	20	10	11.33	5.98	109.2785124
1505.611913	3	3	8	16	1.08	8.65	140.3223687
582.8793939	3	4	14	1	11.47	5.89	57.41004249
946.897988	5	1	27	18	11.64	2.21	97.15559655
1438.576455	2	2	11	6	10.11	1	117.3407861
946.2856609	3	3	20	17	4.45	7.03	84.02293535
1105.612005	3	2	27	12	7.4	7.25	95.54795852
1497.674284	1	3	26	4	1.75	1.81	130.7585357
1368.618433	4	1	25	17	7.13	0.38	141.8151251
1306.727359	1	3	8	22	3.73	4.14	115.2392997
1064.351088	5	2	13	25	5.3	5.87	114.6599754
1348.024446	2	3	12	23	2.52	7.09	126.7485995
1150.506928	4	1	27	23	3.53	8.12	105.7090489
1383.122244	1	3	25	28	1.24	6.14	128.8548181
1001.22719	3	2	5	15	13.81	1.2	86.24049511
1126.97241	3	1	18	14	8	6.86	99.39016541
804.016883	4	2	3	7	6.01	9.84	79.65893878
1185.996956	3	3	19	25	8.07	9.07	118.4428146
875.5996545	1	4	16	14	9.46	8.73	75.64062028
754.3814199	1	2	18	24	13.84	3.09	61.250791
1303.464459	3	3	2	0	2.76	7.53	128.1265403
1285.09591	3	4	28	27	4.5	8.53	127.5538686
1513.149494	5	4	13	16	14.64	6.82	149.7559904
1027.549772	2	1	16	29	5.63	2.58	70.62918494
1363.221139	4	4	12	14	0.44	9.54	140.938942
1420.319029	1	2	8	13	2.3	4.56	127.8865276
1377.909523	4	2	26	13	0.49	1.39	140.0355479
869.7385269	5	4	0	9	14.85	1.19	112.1541855
1259.745393	1	3	24	1	4.26	6.51	106.7871602
1345.656118	5	2	16	26	13.86	4.43	115.9936626
1202.871387	5	2	15	5	14.94	1.04	112.4763325
365.4089367	3	1	17	29	9.04	7.43	41.2399297
1264.19585	4	3	1	16	0.59	8.01	119.7335288
2085.012416	4	4	13	4	1.32	7.28	186.0671706
1055.984292	3	3	21	4	7.28	2.1	115.3765946
4543.845804	4	1	22	14	6.15	6.93	89.38581491
1349.339424	3	1	26	14	9.13	0.21	133.2266501
1324.951284	1	3	16	19	6.64	3.12	123.1555367
1677.094066	5	1	2	10	14.02	4.05	151.6786937
696.8527376	5	1	1	4	8.07	8.37	65.93643632
1492.552101	4	1	7	27	10.44	3.96	116.2271449
1436.168825	2	3	24	0	13.46	0.21	114.8415968
1143.141385	5	1	28	10	2.29	3.59	122.4486959
1335.474927	3	4	1	10	3.52	5.04	128.9949671
1611.782993	2	4	1	5	1.7	9.5	151.9954453
1548.926152	2	2	25	22	2.18	9.42	135.4977339
742.7922752	5	4	8	7	7.74	1.89	116.1063891
1528.063275	5	2	29	1	4.89	1.93	166.1417356
1174.124558	5	3	19	14	6.41	1.72	127.5753358
6145.748196	3	1	20	22	14.74	7.91	80.66800333
1229.278796	2	4	28	21	2.43	0.16	122.0604192
1139.902804	4	2	26	8	8.16	1.36	126.1306393
1676.682999	3	3	24	14	1.57	5.43	163.815033
1166.512816	1	2	5	7	4.85	2.55	97.48241523
752.1815486	5	1	25	29	7.96	1.01	74.55002843
1042.588058	2	4	11	15	14.2	3.66	93.67277392
1271.477887	3	3	24	26	5.93	2.81	114.2731025
1691.685914	1	2	8	13	1.07	5.16	143.2518138
1441.237874	3	3	6	14	5.88	9.79	110.939012
859.7858885	3	2	29	19	2.27	1.33	83.81305877
2194.075967	4	2	11	29	3.53	3.79	197.2695009
1305.910124	4	1	25	12	9.31	9.33	126.5879695
1710.156295	3	1	24	8	1.1	8.78	158.2300937
1139.314227	1	2	4	0	7.02	4	116.1156265
1413.343698	2	4	15	26	9.18	7.02	119.6498024
1535.787402	2	3	4	5	6.39	0.97	137.1417188
1687.277885	5	3	11	7	0.38	7.15	169.5661382
1622.947322	5	1	23	26	14.78	9.73	139.3059227
1548.8788	2	4	25	26	5.57	5.42	134.2094929
1073.965308	3	2	19	19	11.7	5.04	87.92025105
971.3015832	3	1	8	17	4.95	1.95	79.12873761
1333.043004	4	2	22	26	7.18	6.37	111.9996825
1573.251229	4	2	6	17	5.89	5.95	142.5613039
1110.91172	5	1	28	25	5.2	6.55	102.0798736
1626.068786	2	4	18	16	0.43	0.36	148.5355098
1781.046698	3	3	19	20	5.46	5.53	176.0815058
833.4716324	2	1	22	15	13.35	5.99	72.36974008
865.2317185	1	4	10	12	10.39	2.15	102.9518946
1143.849976	2	2	26	21	2.27	2.16	91.50392694
1323.045067	1	1	29	3	8.91	2.83	117.5190426
990.1731945	4	3	20	3	13.39	7.15	95.57976647
1740.881072	4	3	11	20	10.53	6.1	155.9510157
1369.626745	5	2	2	13	2.32	8.47	158.017876
1215.778819	2	1	16	4	13.03	3.03	87.80737688
625.6361905	2	3	6	15	4.59	9.13	58.0117536
673.6736734	1	1	21	13	6.87	7.46	48.70060509
1312.4037	4	3	9	29	7.94	4.01	116.0558561
346.9617495	1	2	22	13	12.77	1.04	9.994131487
1605.054964	4	2	14	13	13.98	2.64	156.8700987
1136.738462	1	1	29	24	13.95	9.57	90.79403754
2497.237188	4	4	1	23	0.22	3.17	238.297788
2123.1665	1	4	12	24	13.84	3.37	157.1655547
1127.420372	4	2	27	28	0.91	1.98	117.2940431
1157.465199	1	3	3	13	4.06	8.09	112.4130692
1598.232606	2	4	17	18	7.77	2.83	148.1544302
1881.269044	5	2	23	29	7.25	3.37	170.1119169
544.788377	1	3	22	2	9.11	4.2	71.39687415
485.4498139	5	3	0	16	7.24	4.39	60.54458634
951.1860778	2	4	1	13	14.02	4.17	84.74656424
1433.095033	2	2	1	9	3.68	5.09	138.915606
1398.749436	4	3	3	12	4.18	8.16	141.5343645
1627.908582	5	3	2	21	13.82	8.21	151.180329
720.1209887	3	1	16	3	1.24	8	86.55704549
300	4	1	27	10	9.18	1.1	50.35266611
1543.205678	5	4	13	14	10.26	8.02	146.0802702
868.7214908	1	1	1	14	7.63	1.29	68.33466389
392.6048542	1	2	15	29	10.44	1.33	30.6877762
1258.025498	2	4	10	23	2.67	9.48	130.4659269
1517.270275	3	4	24	1	12.8	8.21	140.705015
1151.177147	1	1	12	10	2.19	5.57	109.0041559
1016.860646	5	3	0	1	6.07	8.76	116.6812249
1136.255107	5	2	24	22	1.22	9.89	136.8616605
1051.766895	1	2	22	28	8.22	6.15	79.97819119
660.7811552	5	2	1	4	10.08	6.17	85.85886228
914.1277292	5	4	1	12	14.12	7.57	88.94132847
1408.511962	2	2	20	0	11.12	2.4	117.2125573
1328.671417	3	3	28	6	8.16	1.75	131.032696
1267.223922	2	3	4	6	14	7.62	121.2928931
801.9406073	3	1	3	9	7.23	3.51	87.50713799
1127.398735	5	2	11	5	8.46	1.44	101.5238945
329.1739814	3	4	25	19	8.98	3.22	52.81051134
1271.390666	5	1	25	11	6.21	3.65	113.5257492
1771.543083	5	3	28	12	12.59	9.66	170.2873683
610.3471472	2	2	27	23	2.86	7.01	64.73186908
965.6289307	2	3	2	27	8.37	5.36	81.92026
1331.642711	4	1	19	10	10.86	9.69	126.019943
1701.137054	1	3	9	17	13.57	9.04	130.4336343
1020.710153	4	2	19	1	13.27	5.17	103.5904492
923.0998683	4	2	17	15	7.68	9.07	76.49368533
412.430743	3	1	20	1	9.68	4.1	48.03646664
1241.375252	5	2	20	18	5.97	2.38	136.4806458
2016.830416	5	3	20	5	7.08	2.4	184.1188401
1310.943385	5	3	26	0	13.6	6.66	140.4137076
1191.088408	1	4	26	10	13.97	5.06	81.28787543
1328.832924	3	4	9	17	13.44	6.62	106.4866756
1195.563198	3	4	0	9	2.16	6.89	121.8931873
874.7942511	5	3	5	17	12.77	0.32	96.43939009
1529.311966	4	3	10	29	14.23	0.63	128.5378305
1290.304609	1	1	1	27	5.48	5.37	95.85229736
1207.045301	4	4	6	0	7.83	1.99	143.6472279
809.8535891	2	3	19	18	11.71	6.36	82.53518888
1721.403173	3	1	20	15	8.47	5.57	144.3483015
1465.881098	3	3	20	25	14.9	5.9	117.2293641
978.8316651	4	1	20	6	6.89	3.09	99.69599019
1600.729941	1	4	17	14	10.74	6.43	157.2038489
1000.971665	3	4	20	28	11.91	8.31	87.30735467
887.198603	4	4	18	0	7.46	9.98	116.7500548
896.118753	1	3	3	22	12.87	8.4	74.84567289
491.5725788	4	3	12	20	8.24	5.62	57.89315399
1388.616952	1	1	17	8	6.23	2.01	114.5314796
467.5420487	5	2	19	1	1.71	6.85	83.16326111
708.6224675	1	2	28	16	5.96	9.38	52.17249104
369.7647964	2	4	24	24	11.04	2.2	35.70805326
1165.572123	5	2	23	23	13.83	2.63	115.6341897
1139.871816	4	4	12	9	3.85	1.58	125.3998991
1069.321515	5	1	29	5	5.39	7.39	109.7161937
782.9689221	5	2	26	4	2.39	4.12	97.39407321
731.1064986	4	2	27	7	10.39	0.72	76.07748984
1385.747945	4	4	18	7	14.41	8.76	134.5544822
979.7792273	2	1	16	29	9.65	5.62	76.16879546
1326.543329	4	2	0	4	9.29	3.38	117.7097457
845.9005256	3	2	5	11	8.35	3.51	80.46937379
1272.425097	3	2	18	6	1.42	2.97	127.0435938
1721.311215	2	1	19	12	10.97	4.61	139.112456
1434.46632	1	1	0	12	9.07	3.44	124.1122233
1035.034473	1	2	7	16	9.96	5.52	77.41282287
1302.879588	3	4	16	3	13.49	7.76	149.373119
1103.73393	4	4	20	17	11.78	6.78	121.0942702
1203.152074	2	2	21	9	11.74	3.02	120.05553
1069.755579	1	1	14	2	13.92	5.33	76.2754582
1134.265918	1	2	17	11	14.85	8.42	66.37950729
1284.837341	5	1	6	0	8.76	0.78	131.2602934
802.6565202	3	2	15	26	1.72	0.88	87.37978034
793.6484692	4	1	6	10	6.94	5.61	82.05628962
